"ENSEMBL","SYMBOL_wt","log2FC_wt","padj_wt","SYMBOL_KO","log2FC_KO","padj_KO"
"ENSG00000005156","LIG3",-0.503118651449746,1.57328663367912e-07,"LIG3",-0.239256632761824,0.0119208769805048
"ENSG00000006327","TNFRSF12A",-0.336565943517325,0.00149110332873046,"TNFRSF12A",-0.523312475344218,4.59116896669185e-07
"ENSG00000006459","KDM7A",-0.722375996263629,0.00158503143320987,"KDM7A",-1.21552342621871,3.88437528569031e-05
"ENSG00000006652","IFRD1",-0.417135292272353,0.00691893347518524,"IFRD1",-0.522956034583036,0.00102299361956997
"ENSG00000007392","LUC7L",-0.201783771527715,0.0399688410402137,"LUC7L",-0.415489400494728,2.6629123744532e-06
"ENSG00000009830","POMT2",-0.30085545650333,0.00615886012660507,"POMT2",-0.296735342440427,0.00474997532770356
"ENSG00000013503","POLR3B",-0.332896507166261,0.00143493590993075,"POLR3B",-0.212021690047856,0.0433691202013984
"ENSG00000013573","DDX11",-0.329472762004824,0.0137047159407853,"DDX11",-0.467968579120306,0.000216393934197235
"ENSG00000014914","MTMR11",-0.490722800260643,6.92477859369913e-05,"MTMR11",-0.797979529684498,4.49506698035801e-10
"ENSG00000020633","RUNX3",-0.387374582793628,0.00791357258285496,"RUNX3",-0.451895883696027,0.00188735912465624
"ENSG00000023572","GLRX2",-0.257387152894479,0.0180915389792866,"GLRX2",-0.368096031402018,0.000279394675004831
"ENSG00000023909","GCLM",-0.578503766135718,9.06243248036798e-07,"GCLM",-0.437142339336914,0.000148297628538821
"ENSG00000026559","KCNG1",-0.414765819418925,0.00272754306903985,"KCNG1",-0.61017291053553,4.62696744025139e-05
"ENSG00000036549","ZZZ3",-0.29947869591733,0.000774838728033402,"ZZZ3",-0.197987470601748,0.0244044947379895
"ENSG00000037897","METTL1",-0.437664100592234,0.000129101174858631,"METTL1",-0.352838118929064,0.00161282776555249
"ENSG00000041802","LSG1",-0.170293025101513,0.00610916069457936,"LSG1",-0.261072119957346,4.54850421899407e-06
"ENSG00000047579","DTNBP1",-0.405110416535005,5.37289881951658e-05,"DTNBP1",-0.247508885699762,0.0102445277814579
"ENSG00000048162","NOP16",-0.240735167257915,0.00429462602391009,"NOP16",-0.178286217337492,0.0369552235608418
"ENSG00000049618","ARID1B",-0.298446055011266,0.00186909005747628,"ARID1B",-0.230096333853817,0.0134971720875319
"ENSG00000050393","MCUR1",-0.4180207187404,5.54061417119185e-08,"MCUR1",-0.235185788434503,0.00119207623791215
"ENSG00000059728","MXD1",-0.307622422987285,0.0350630156466789,"MXD1",-0.658692563252761,2.267993634829e-05
"ENSG00000060982","BCAT1",-0.414076035377437,1.69055423492325e-10,"BCAT1",-0.424165214448405,1.57633804900522e-11
"ENSG00000064419","TNPO3",-0.209004097412585,0.0176975012457171,"TNPO3",-0.173371004171005,0.046822246974314
"ENSG00000064651","SLC12A2",-0.491886324284998,6.77937409283995e-08,"SLC12A2",-0.216302434169097,0.0173767896143577
"ENSG00000065802","ASB1",-0.312632621530476,0.00414913242033542,"ASB1",-0.424922696077356,4.62882070357467e-05
"ENSG00000065809","FAM107B",-0.334689406987508,0.0212202624825334,"FAM107B",-1.23693377356998,1.90413628996988e-14
"ENSG00000065911","MTHFD2",-0.489641501212074,1.13369768012484e-06,"MTHFD2",-0.668535337959576,3.65716617637355e-11
"ENSG00000066117","SMARCD1",-0.435530069224118,3.098015045852e-05,"SMARCD1",-0.344301110373386,0.000671044495914287
"ENSG00000066583","ISOC1",-0.384647472151723,0.00145716186625281,"ISOC1",-0.356558687965137,0.00397053979618639
"ENSG00000067334","DNTTIP2",-0.221641031266604,0.0434591672639772,"DNTTIP2",-0.229351231675029,0.027071010672643
"ENSG00000069011","PITX1",-0.298071419314637,0.00786753716239227,"PITX1",-0.355973397326521,0.00113195151984756
"ENSG00000070371","CLTCL1",-0.883874800045786,0.0013487631075291,"CLTCL1",-0.578933586217401,0.00973795560686072
"ENSG00000070476","ZXDC",-0.330974701182631,0.00691051941058171,"ZXDC",-0.473545005194104,6.4015313234151e-05
"ENSG00000071243","ING3",-0.261865413778649,0.00859422313772436,"ING3",-0.466662292424747,3.58894727997385e-07
"ENSG00000071626","DAZAP1",-0.330254549657944,5.97778404877083e-07,"DAZAP1",-0.269581539912905,4.64596674207072e-05
"ENSG00000073111","MCM2",-0.681789147107768,1.60672184554417e-08,"MCM2",-0.454866605416188,0.000107728320847618
"ENSG00000075131","TIPIN",-0.380215893457838,0.00212925105645304,"TIPIN",-0.365367725428595,0.00224482526787606
"ENSG00000076003","MCM6",-0.631494160033213,4.9197314670919e-08,"MCM6",-0.849685670518749,3.6275204097265e-13
"ENSG00000078177","N4BP2",-0.276881190792182,0.0337135631926954,"N4BP2",-0.286416686006642,0.0141254232801458
"ENSG00000078399","HOXA9",-0.34620296026413,0.00246005396543721,"HOXA9",-0.338414957231251,0.00195564360298664
"ENSG00000079387","SENP1",-0.514880806471569,2.08752801623511e-07,"SENP1",-0.247710347657018,0.00953097401958839
"ENSG00000079999","KEAP1",-0.222931161866252,0.0224604593062552,"KEAP1",-0.287655014106508,0.00150380566499178
"ENSG00000082641","NFE2L1",-0.200091927439152,0.0373056486182757,"NFE2L1",-0.187295349789655,0.0416074090733607
"ENSG00000082898","XPO1",-0.223711889631548,0.00133423198805944,"XPO1",-0.166194306382327,0.0170681174614682
"ENSG00000083544","TDRD3",-0.365714662549763,0.0065214791066557,"TDRD3",-0.35487753020912,0.00623928758959861
"ENSG00000083896","YTHDC1",-0.200387638398427,0.0148942633745262,"YTHDC1",-0.222116045006444,0.00435218571647299
"ENSG00000085415","SEH1L",-0.240540173033567,0.0231783812698043,"SEH1L",-0.451268741231695,5.40630647372986e-06
"ENSG00000085760","MTIF2",-0.192721280343159,0.0459549442542847,"MTIF2",-0.283267905383421,0.00124209476332396
"ENSG00000086589","RBM22",-0.257923218684818,0.000175300870170943,"RBM22",-0.16416985149988,0.018545697677379
"ENSG00000087053","MTMR2",-0.327118331079391,0.000553719342395167,"MTMR2",-0.197310256738618,0.0420916726536366
"ENSG00000087074","PPP1R15A",-0.581028284828203,0.000180338051968405,"PPP1R15A",-0.950467534440723,1.92160016469284e-08
"ENSG00000087448","KLHL42",-0.313651236655218,7.82619949161529e-05,"KLHL42",-0.314203988569033,2.44481126748885e-05
"ENSG00000088035","ALG6",-0.54667400253879,0.00039529842882269,"ALG6",-0.327076264976574,0.0293190008982951
"ENSG00000089195","TRMT6",-0.230956485394166,0.021441039882089,"TRMT6",-0.2510791024463,0.00833492356905711
"ENSG00000089280","FUS",-0.29579390529993,0.000134688035535233,"FUS",-0.177446839917676,0.0267608440938545
"ENSG00000090432","MUL1",-0.273419096455273,0.0118964049741408,"MUL1",-0.408977054969564,4.64596674207072e-05
"ENSG00000090447","TFAP4",-0.552367872251651,1.22819455641604e-06,"TFAP4",-0.354835226161041,0.00111844320630232
"ENSG00000090861","AARS1",-0.388998639544566,8.96346035815503e-05,"AARS1",-0.251886998302752,0.0109792358796448
"ENSG00000092470","WDR76",-0.624112056603019,9.68678802981122e-09,"WDR76",-0.209880425370245,0.0390518695722768
"ENSG00000092621","PHGDH",-0.410458651258528,0.0298622653845966,"PHGDH",-0.748983516960714,0.00208364145656561
"ENSG00000093009","CDC45",-0.514851272000495,0.000210187662559577,"CDC45",-0.316613872904872,0.015991710061707
"ENSG00000095319","NUP188",-0.395900255025227,0.000550669608840467,"NUP188",-0.270532460749164,0.0172861595049868
"ENSG00000096746","HNRNPH3",-0.381168488260139,4.87202960706682e-06,"HNRNPH3",-0.312976393158792,0.000154284782311044
"ENSG00000099622","CIRBP",-0.350273345885188,0.0102402655782327,"CIRBP",-0.265590251795775,0.0452005736665866
"ENSG00000100297","MCM5",-0.998417580724046,5.15175541027368e-25,"MCM5",-0.551883709380564,2.39136813876458e-09
"ENSG00000100335","MIEF1",-0.215262165131194,0.00653862795324254,"MIEF1",-0.265200711173382,0.000375780019778568
"ENSG00000100441","KHNYN",-0.29284496042194,0.0403982841618915,"KHNYN",-0.388662074665927,0.00470469437046513
"ENSG00000100461","RBM23",-0.289343271245342,0.00509929519155918,"RBM23",-0.449440238447534,0.000170706364898791
"ENSG00000100664","EIF5",-0.423050658383923,4.22149007381887e-07,"EIF5",-0.553971511763923,1.6575177073612e-11
"ENSG00000100722","ZC3H14",-0.170897815688371,0.0210967861119587,"ZC3H14",-0.1372652856825,0.0485604638186421
"ENSG00000100867","DHRS2",-1.13009218546494,1.58986266396555e-05,"DHRS2",-1.56446946039477,7.14630732689841e-09
"ENSG00000100889","PCK2",-0.522375871978185,0.00837570806450617,"PCK2",-1.29186984240419,1.5060089585787e-06
"ENSG00000101255","TRIB3",-0.405008016958163,0.0210635715661398,"TRIB3",-1.3109480860903,1.56243551843606e-08
"ENSG00000101266","CSNK2A1",-0.126687399932213,0.0184266982818826,"CSNK2A1",-0.110364730696572,0.0390518695722768
"ENSG00000101361","NOP56",-0.192735140766048,0.0369136302137666,"NOP56",-0.186177813444805,0.0360061931685548
"ENSG00000101544","ADNP2",-0.262504450180114,0.00692296900229535,"ADNP2",-0.276728279791633,0.00287052711049449
"ENSG00000101849","TBL1X",-0.338684660591265,0.0277176795277245,"TBL1X",-0.487629264525926,0.00224554806961303
"ENSG00000101856","PGRMC1",-0.2314185683893,0.0110573158124779,"PGRMC1",-0.27769627868849,0.00111608878384686
"ENSG00000101868","POLA1",-0.550978067801234,1.7477003929484e-06,"POLA1",-0.394060542840469,0.000397324290104642
"ENSG00000101935","AMMECR1",-0.347577491357326,0.000180128033603318,"AMMECR1",-0.414965360620841,8.5791715568158e-07
"ENSG00000101945","SUV39H1",-0.50793871160951,0.00219541607874145,"SUV39H1",-0.311442617490195,0.0364858970111275
"ENSG00000102007","PLP2",-0.517618437454544,7.80584920433573e-11,"PLP2",-0.473523706771051,1.68085776232921e-09
"ENSG00000102572","STK24",-0.403161978112645,3.67672448216186e-05,"STK24",-0.502893923145586,1.44198782270805e-07
"ENSG00000102974","CTCF",-0.643034066143239,1.15240386587963e-12,"CTCF",-0.505305183193631,1.28152744970774e-08
"ENSG00000103257","SLC7A5",-1.18122065185288,3.14461463666925e-12,"SLC7A5",-1.20380626805543,5.85856184418759e-13
"ENSG00000103550","KNOP1",-0.226304098623354,0.000520778023675857,"KNOP1",-0.295247344435646,1.23519829462134e-06
"ENSG00000104131","EIF3J",-0.186774976924193,0.0158965107142439,"EIF3J",-0.182197460153521,0.0152304939000863
"ENSG00000104320","NBN",-0.252345231065403,0.00180490540050353,"NBN",-0.24964215552565,0.00111844320630232
"ENSG00000104472","CHRAC1",-0.298779485552107,8.00577029909391e-05,"CHRAC1",-0.317430068181279,1.23030046668852e-05
"ENSG00000104679","R3HCC1",-0.218679290611349,0.0494410027014766,"R3HCC1",-0.37948267319908,0.000293872026998981
"ENSG00000104687","GSR",-0.232117200936764,0.00462344550406029,"GSR",-0.173782573118975,0.0337201468126847
"ENSG00000104824","HNRNPL",-0.309244027480172,0.000745339317149235,"HNRNPL",-0.355849542990677,5.1182018750714e-05
"ENSG00000104980","TIMM44",-0.301082214862213,0.000520847483065727,"TIMM44",-0.398985956932408,1.60660791459793e-06
"ENSG00000105281","SLC1A5",-0.945896666144397,6.97062435728652e-14,"SLC1A5",-1.03386319223096,1.66432463459573e-16
"ENSG00000105698","USF2",-0.359173142862805,0.000303542329583845,"USF2",-0.222581240070401,0.0253839136114266
"ENSG00000105948","IFT56",-0.437320540617353,8.88499326643627e-05,"IFT56",-0.295261601590967,0.00601291948145287
"ENSG00000106070","GRB10",-0.554025475830829,0.000243531846006252,"GRB10",-0.641902300008172,5.10802999360691e-05
"ENSG00000106105","GARS1",-0.428341410832942,0.000349037704683045,"GARS1",-0.486485972432173,5.16155868273022e-05
"ENSG00000106144","CASP2",-0.397264068033665,0.000158521324221552,"CASP2",-0.327272541540838,0.00137441860876477
"ENSG00000106443","PHF14",-0.277941294665056,0.00141104638392681,"PHF14",-0.183659918464175,0.0352520073605328
"ENSG00000106459","NRF1",-0.392687985478367,0.00656630356490013,"NRF1",-0.461504500963038,0.00151531499516186
"ENSG00000106477","CEP41",-0.555226702286447,6.27121187199498e-11,"CEP41",-0.292220009840615,0.000560700562437816
"ENSG00000106608","URGCP",-0.420289866232334,0.00170025207237086,"URGCP",-0.294283197903604,0.0224987352953467
"ENSG00000106723","SPIN1",-0.347551303396939,5.47391965542289e-06,"SPIN1",-0.380624409822694,1.54669183613087e-07
"ENSG00000107371","EXOSC3",-0.238049242094239,0.0455677469566657,"EXOSC3",-0.317025665431557,0.00420664082144803
"ENSG00000107614","TRDMT1",-0.329931572885505,0.0209389623100053,"TRDMT1",-0.478571185596546,0.000546405490654405
"ENSG00000107758","PPP3CB",-0.454793417641743,7.97544220750339e-08,"PPP3CB",-0.35107215981455,1.21455712508627e-05
"ENSG00000108312","UBTF",-0.630279460828398,3.01120269427599e-09,"UBTF",-0.336895170602111,0.00105210405574612
"ENSG00000108349","CASC3",-0.468310483759626,3.49634852908473e-10,"CASC3",-0.292260301017547,7.69419615819053e-05
"ENSG00000108518","PFN1",-0.244461186098059,0.0465501994596314,"PFN1",-0.345684858596402,0.00278735001151255
"ENSG00000108671","PSMD11",-0.265503654451286,0.00436127703685486,"PSMD11",-0.278277027029956,0.00198783616098504
"ENSG00000109099","PMP22",-0.299395319981721,0.0253206181479553,"PMP22",-0.408844128899928,0.000961203629991843
"ENSG00000109332","UBE2D3",-0.144162764254775,0.047917104803847,"UBE2D3",-0.22189132490468,0.000708133447339413
"ENSG00000109534","GAR1",-0.479383405406616,4.20030395927009e-08,"GAR1",-0.227248290711893,0.0113041415459808
"ENSG00000110042","DTX4",-0.709788549960668,0.00292726693430236,"DTX4",-0.608128908071265,0.0187943677903269
"ENSG00000110108","TMEM109",-0.447382343888455,1.3912509710325e-07,"TMEM109",-0.210074854281434,0.0174271606321647
"ENSG00000110321","EIF4G2",-0.186897914413102,0.0372956073568338,"EIF4G2",-0.197242504231851,0.0211256551492434
"ENSG00000110619","CARS1",-0.285433128772513,0.0196797771370767,"CARS1",-0.328496317083499,0.00519933484574522
"ENSG00000110851","PRDM4",-0.564415624055546,1.20905940836689e-09,"PRDM4",-0.427701614427471,3.59223398216102e-06
"ENSG00000110987","BCL7A",-0.493726291040274,0.000412224329292645,"BCL7A",-0.59118446667005,2.17027394285919e-05
"ENSG00000111371","SLC38A1",-0.49332773359887,0.00236599363666882,"SLC38A1",-0.609299223525419,0.00058624027686576
"ENSG00000111652","COPS7A",-0.19187635464903,0.0424023801633328,"COPS7A",-0.323630133719111,0.000140012743402685
"ENSG00000111802","TDP2",-0.259164889250168,0.0433631720976571,"TDP2",-0.605604178004244,2.43064480182051e-06
"ENSG00000112039","FANCE",-0.428320712301473,0.00125062492109499,"FANCE",-0.44710103235934,0.000538782789837855
"ENSG00000112081","SRSF3",-0.224369889495554,0.00791357258285496,"SRSF3",-0.372557868792812,1.81945762952638e-06
"ENSG00000112118","MCM3",-0.436836541497061,4.49603970871762e-06,"MCM3",-0.364082897172646,9.26345355336397e-05
"ENSG00000112425","EPM2A",-0.495372992148319,0.0150493375732245,"EPM2A",-0.894713019144809,0.00023682060046101
"ENSG00000112658","SRF",-0.374693523501603,0.00219221771853091,"SRF",-0.308759171922938,0.0102259989615288
"ENSG00000113013","HSPA9",-0.234973067212707,0.00812403123187122,"HSPA9",-0.250292006965087,0.00325058978107557
"ENSG00000113272","THG1L",-0.233811248236357,0.0170680921864221,"THG1L",-0.376652848139906,3.44621225232016e-05
"ENSG00000113407","TARS1",-0.17092243745367,0.0448494523386247,"TARS1",-0.468431357356941,2.70348288887156e-10
"ENSG00000113569","NUP155",-0.271295851236976,0.00278058830081732,"NUP155",-0.190657819015962,0.0351473491878217
"ENSG00000114784","EIF1B",-0.274710304048507,0.0101593663669759,"EIF1B",-0.438239560296858,1.80537602580469e-05
"ENSG00000115170","ACVR1",-0.305818087451384,0.0316508445283213,"ACVR1",-0.422307312632471,0.0022769218648165
"ENSG00000115750","TAF1B",-0.2441886155426,0.0294408978346964,"TAF1B",-0.314017905019031,0.00240024419205123
"ENSG00000115758","ODC1",-0.479424759348011,7.31457178226593e-07,"ODC1",-0.445435762903453,3.72993975974102e-06
"ENSG00000115875","SRSF7",-0.319744358355753,0.000135405712950848,"SRSF7",-0.351327642074637,1.45537493596899e-05
"ENSG00000115902","SLC1A4",-1.25889899625715,3.08585123387897e-06,"SLC1A4",-1.31896030873164,4.20379228169292e-07
"ENSG00000116062","MSH6",-0.541270866888995,7.8199788210655e-17,"MSH6",-0.204678554967951,0.00237255411922128
"ENSG00000116183","PAPPA2",-0.671555053098131,0.00182277871428423,"PAPPA2",-0.6815722572937,0.00173270167572106
"ENSG00000116237","ICMT",-0.376058046342863,1.05450393020902e-05,"ICMT",-0.211790809863966,0.0134971720875319
"ENSG00000116560","SFPQ",-0.606822504757888,3.04319226231586e-19,"SFPQ",-0.189539229721157,0.00954367357322246
"ENSG00000116584","ARHGEF2",-0.316544681521922,0.000647907547310364,"ARHGEF2",-0.436481192963406,9.66760301633874e-07
"ENSG00000116761","CTH",-0.517517758390913,0.012733237207437,"CTH",-1.3342174519587,4.28560162528016e-06
"ENSG00000117713","ARID1A",-0.304772335087776,0.00167962540063903,"ARID1A",-0.201088677145841,0.040327471083903
"ENSG00000117899","MESD",-0.282475701117187,4.27826065504328e-05,"MESD",-0.167675031362431,0.0186204965953487
"ENSG00000118007","STAG1",-0.735850201578971,5.15672542565874e-18,"STAG1",-0.646264256508546,2.31022246936325e-15
"ENSG00000118263","KLF7",-0.381430490415096,0.00104432081266754,"KLF7",-0.811369023224358,2.27715433441025e-11
"ENSG00000118600","RXYLT1",-0.376750062947915,1.15768372186157e-06,"RXYLT1",-0.496884007448583,5.22773603285913e-11
"ENSG00000118785","SPP1",-0.352750760812075,0.0326347475804335,"SPP1",-1.3973396896157,3.50583773810524e-12
"ENSG00000118894","EEF2KMT",-0.255197957371319,0.0336315986900473,"EEF2KMT",-0.277865703338941,0.0139583522955278
"ENSG00000119004","CYP20A1",-0.305337338935976,0.00164777052139399,"CYP20A1",-0.320276123204417,0.000577790309756062
"ENSG00000119328","ABITRAM",-0.414044944623493,0.00541848353680319,"ABITRAM",-0.589128075062052,0.000454730036607972
"ENSG00000119335","SET",-0.510815327597598,4.15472363220637e-13,"SET",-0.326132149957547,4.66228060480306e-06
"ENSG00000119720","NRDE2",-0.257112306692831,0.018851635969419,"NRDE2",-0.227553668533737,0.0286772054718464
"ENSG00000119969","HELLS",-0.424908163589645,1.17788572961446e-05,"HELLS",-0.227996179697377,0.0205315926754982
"ENSG00000120616","EPC1",-0.363196288787035,2.68247669495438e-06,"EPC1",-0.564017907482409,9.34131274865652e-15
"ENSG00000120699","EXOSC8",-0.282407463979815,0.0146701072177479,"EXOSC8",-0.295061270513008,0.00731155411121769
"ENSG00000120705","ETF1",-0.179231986309218,0.00690815633516483,"ETF1",-0.201479890854353,0.00144933358947439
"ENSG00000120802","TMPO",-0.579487952160299,3.20010122582508e-10,"TMPO",-0.22872083557197,0.0145942817049949
"ENSG00000120942","UBIAD1",-0.490477862705757,3.13246439289211e-07,"UBIAD1",-0.544051229590762,1.05992006757732e-08
"ENSG00000121057","AKAP1",-0.283950821009286,0.00188307325930718,"AKAP1",-0.189736460529177,0.0364288100188881
"ENSG00000121289","CEP89",-0.374111569090483,0.00252299297335479,"CEP89",-0.349793030172285,0.00190905252813098
"ENSG00000121350","PYROXD1",-0.361188427313041,0.00944491709398441,"PYROXD1",-1.11258159087317,2.83520753033149e-13
"ENSG00000121864","ZNF639",-0.275777557360836,0.00571490623948195,"ZNF639",-0.216196553126589,0.0264500486441829
"ENSG00000122140","MRPS2",-0.563452846655299,1.5928729474036e-12,"MRPS2",-0.233105516834345,0.00512803740647315
"ENSG00000122376","SHLD2",-0.246898092757369,0.0165307085254938,"SHLD2",-0.387042262328242,2.93126310019511e-05
"ENSG00000122482","ZNF644",-0.256387223907021,0.00302554880456018,"ZNF644",-0.231383093802261,0.00477964658239381
"ENSG00000122644","ARL4A",-0.431989994020292,0.001576487423229,"ARL4A",-0.273300288361483,0.0403499328938687
"ENSG00000122783","CYREN",-0.375726810408628,0.00221261559263495,"CYREN",-0.252900567769085,0.029961524120421
"ENSG00000122965","RBM19",-0.275196953135313,0.019722134071964,"RBM19",-0.231611894932547,0.0448860515898468
"ENSG00000124160","NCOA5",-0.608789408276217,5.86349286800727e-05,"NCOA5",-0.586147999164302,0.000128108414072784
"ENSG00000124193","SRSF6",-0.388212626698925,1.81062249634658e-06,"SRSF6",-0.432252793998107,5.46664617511369e-08
"ENSG00000124789","NUP153",-0.340770622000485,0.000527695876318446,"NUP153",-0.192783791698309,0.0492467535635336
"ENSG00000125148","MT2A",-0.409686393550739,3.92637207562012e-06,"MT2A",-0.440565961081046,5.11443681125448e-07
"ENSG00000125458","NT5C",-0.325362087914661,0.0106001875879179,"NT5C",-0.303739264474104,0.0120147511766053
"ENSG00000125482","TTF1",-0.323542626866147,6.24550111173308e-07,"TTF1",-0.208366227622242,0.00138044892550827
"ENSG00000125977","EIF2S2",-0.200072892545733,0.00633579908150333,"EIF2S2",-0.337540387144791,4.81489040414718e-07
"ENSG00000126216","TUBGCP3",-0.570664973643382,6.31652625560836e-09,"TUBGCP3",-0.341222812901399,0.000207770508040977
"ENSG00000126749","EMG1",-0.241476840409287,0.0169407150222323,"EMG1",-0.348131978807422,0.000223327355709559
"ENSG00000127418","FGFRL1",-0.234741800039081,0.0333363587724239,"FGFRL1",-0.344126679414369,0.00087246935721965
"ENSG00000127528","KLF2",-0.425495656156107,0.0101578663595763,"KLF2",-0.638505700111007,0.000628692217518367
"ENSG00000127947","PTPN12",-0.460535217313383,4.50753297985119e-07,"PTPN12",-0.434093768200769,1.06198909007986e-06
"ENSG00000128272","ATF4",-0.502716239133622,1.7976271426706e-05,"ATF4",-0.604590977141557,4.01118435630373e-07
"ENSG00000128283","CDC42EP1",-0.316867797958935,0.0141151084112654,"CDC42EP1",-0.56011006070675,1.77722651126875e-05
"ENSG00000128951","DUT",-0.440802768509081,4.4158034898608e-06,"DUT",-0.353552604616521,0.000201159995564167
"ENSG00000128965","CHAC1",-0.515850719304981,0.0220373201865594,"CHAC1",-2.04925877543086,2.99367966763584e-06
"ENSG00000129071","MBD4",-0.302854710470207,0.000148670588143053,"MBD4",-0.25620912073186,0.000935289840227304
"ENSG00000129347","KRI1",-0.311034394097282,0.00185495739927642,"KRI1",-0.262125196850716,0.00670312430870471
"ENSG00000129355","CDKN2D",-0.561853361286669,1.16452314149579e-05,"CDKN2D",-0.270787901396536,0.0245576305775091
"ENSG00000130749","ZC3H4",-0.459774700038153,1.93206395925882e-06,"ZC3H4",-0.202430987415721,0.0413925560906006
"ENSG00000130826","DKC1",-0.349157857624366,4.76236036497056e-09,"DKC1",-0.330080499517026,1.75456547993557e-08
"ENSG00000130935","NOL11",-0.262738009246083,0.00125055287728173,"NOL11",-0.214907051618285,0.00765239694902127
"ENSG00000131051","RBM39",-0.212871704868222,0.000263490054050327,"RBM39",-0.24817343676167,7.67757244912225e-06
"ENSG00000131446","MGAT1",-0.245357559969218,0.00993451694695836,"MGAT1",-0.40970740738985,4.43165436912611e-06
"ENSG00000131508","UBE2D2",-0.207157161440422,0.00200693007398276,"UBE2D2",-0.146104174181161,0.0304319666620607
"ENSG00000132429","POPDC3",-0.476833779437877,0.000268821111864899,"POPDC3",-0.481307475179049,0.000199626547881183
"ENSG00000132467","UTP3",-0.328681391347202,1.75235042140268e-05,"UTP3",-0.228894626725067,0.0033159707019562
"ENSG00000132475","H3-3B",-0.597731838375618,3.9791618387053e-24,"H3-3B",-0.501354507735272,1.34036354909709e-17
"ENSG00000132603","NIP7",-0.186719843214847,0.0455677469566657,"NIP7",-0.349434396344203,2.92021549371794e-05
"ENSG00000132768","DPH2",-0.419947445217513,2.48032589554491e-06,"DPH2",-0.377084263842199,1.9419561808107e-05
"ENSG00000132773","TOE1",-0.49841517492253,5.51071052062493e-05,"TOE1",-0.559062788086607,5.46296064657086e-06
"ENSG00000133393","CEP20",-0.278232019705337,0.00406584583786954,"CEP20",-0.19258117678234,0.0424966364704818
"ENSG00000133398","MED10",-0.310670237445741,7.15347429723009e-05,"MED10",-0.324453543600421,2.06004071182102e-05
"ENSG00000133703","KRAS",-0.203863243568689,0.0093503259164612,"KRAS",-0.159926073111087,0.0407102331162445
"ENSG00000134077","THUMPD3",-0.194174321705918,0.0350630156466789,"THUMPD3",-0.193801590560903,0.0247658134247741
"ENSG00000134440","NARS1",-0.249292302653276,0.0113548519751807,"NARS1",-0.325739671996375,0.000463296865030724
"ENSG00000134453","RBM17",-0.347012922094449,4.24513570441966e-09,"RBM17",-0.221993669482893,0.000190661103545616
"ENSG00000134684","YARS1",-0.414674123249909,1.60917819671127e-05,"YARS1",-0.469402058536171,6.05632484229191e-07
"ENSG00000134686","PHC2",-0.301008324755734,0.00166266900936979,"PHC2",-0.237390002036201,0.0112432481216311
"ENSG00000135052","GOLM1",-0.278384823277989,0.00107263957367209,"GOLM1",-0.250232977741702,0.00455111318031506
"ENSG00000135069","PSAT1",-0.774767354381693,6.60602034522119e-07,"PSAT1",-1.31778092832296,1.96619666242521e-16
"ENSG00000135316","SYNCRIP",-0.371893757362518,1.24934038562902e-06,"SYNCRIP",-0.221313076533097,0.0050508299840364
"ENSG00000135999","EPC2",-0.258458687236034,0.0196030117899603,"EPC2",-0.259709134407647,0.0110069148879512
"ENSG00000136444","RSAD1",-0.303279867286627,0.032108870709239,"RSAD1",-0.512553446160061,0.000454730036607972
"ENSG00000136450","SRSF1",-0.567550650270393,9.51895919345302e-12,"SRSF1",-0.350163170528471,2.45447780000531e-05
"ENSG00000136527","TRA2B",-0.452395637294464,9.6893414181049e-10,"TRA2B",-0.439190543152286,1.3991275345658e-09
"ENSG00000136628","EPRS1",-0.237779889743747,0.034333881426637,"EPRS1",-0.242274871735203,0.0235852198834671
"ENSG00000136938","ANP32B",-0.551389889131748,1.55132924817746e-15,"ANP32B",-0.301995194337784,1.99947602948829e-05
"ENSG00000136982","DSCC1",-0.276815691763779,0.0259634949870064,"DSCC1",-0.265945580379663,0.0205315926754982
"ENSG00000137193","PIM1",-0.791563250793924,1.2887658332566e-05,"PIM1",-0.586785296411756,0.000927040528399024
"ENSG00000137203","TFAP2A",-0.630774511402651,5.80226846685629e-06,"TFAP2A",-0.70744229794756,3.51377861840974e-07
"ENSG00000137310","TCF19",-0.623957278912994,1.07373342418233e-07,"TCF19",-0.25308257249916,0.0256847911668434
"ENSG00000137656","BUD13",-0.369621937177739,0.00121067630725009,"BUD13",-0.275216827086858,0.0116250380853849
"ENSG00000137936","BCAR3",-0.704806594202684,2.46525108047915e-11,"BCAR3",-0.81294261391826,7.26260836607033e-15
"ENSG00000138031","ADCY3",-0.303898680164225,0.00670155579225523,"ADCY3",-0.258255158818887,0.0224279313960663
"ENSG00000138074","SLC5A6",-0.426004712252832,7.41608355009053e-05,"SLC5A6",-0.310548348528157,0.00371426978033108
"ENSG00000138678","GPAT3",-0.483565457148105,2.42961536488756e-06,"GPAT3",-0.240489474471932,0.0189076270652249
"ENSG00000139269","INHBE",-1.87709886137765,0.000172811621309511,"INHBE",-2.2724843625461,2.16609844456351e-08
"ENSG00000139514","SLC7A1",-0.595192529660537,2.0374153254896e-08,"SLC7A1",-0.570785049856047,7.51400137459303e-08
"ENSG00000139726","DENR",-0.249440317554455,0.000741765386061742,"DENR",-0.238819214785444,0.000871069500290472
"ENSG00000139746","RBM26",-0.233974669742337,0.00026083436682504,"RBM26",-0.160734341944698,0.0124659096259067
"ENSG00000140044","JDP2",-0.304140574994495,0.0409655686715267,"JDP2",-0.469366959034315,0.00122345566508372
"ENSG00000140105","WARS1",-0.458300342684791,4.43539358935195e-05,"WARS1",-0.550266540555666,9.73331126794284e-07
"ENSG00000140157","NIPA2",-0.197215333187809,0.022496494344123,"NIPA2",-0.26851549881417,0.000818339047908534
"ENSG00000140332","TLE3",-0.549742972623809,8.65481749747361e-06,"TLE3",-0.540208238976773,1.62455882442706e-05
"ENSG00000140406","TLNRD1",-0.548681461661213,3.81208983265984e-06,"TLNRD1",-0.398087464122784,0.000712978965387157
"ENSG00000140525","FANCI",-0.432897891507443,2.95264811518025e-06,"FANCI",-0.20167540477711,0.0276104795874525
"ENSG00000140694","PARN",-0.212634272938546,0.00612611501310507,"PARN",-0.166053147819255,0.026190640216202
"ENSG00000141384","TAF4B",-0.528995901812792,0.0032840738969982,"TAF4B",-0.349835082119146,0.0410244224267518
"ENSG00000141582","CBX4",-0.285119767773296,0.00259679780743805,"CBX4",-0.204507593373245,0.0287936144361485
"ENSG00000141858","SAMD1",-0.394671703778003,1.72321594006085e-06,"SAMD1",-0.20565379096653,0.0154553056328763
"ENSG00000141965","FEM1A",-0.560903968805576,5.1944772234284e-05,"FEM1A",-0.338812999708146,0.0150868317337729
"ENSG00000142039","CCDC97",-0.56643907946492,9.80925891601264e-05,"CCDC97",-0.404112470278441,0.00320130764983016
"ENSG00000142409","ZNF787",-0.396247899360792,8.85450554194799e-05,"ZNF787",-0.25931680842131,0.0116097689910731
"ENSG00000142731","PLK4",-0.531010473827513,8.76927450451198e-05,"PLK4",-0.291795443397463,0.0179785508270395
"ENSG00000143013","LMO4",-0.634430438574829,5.18540590909559e-07,"LMO4",-0.986123253327613,4.09902147599521e-14
"ENSG00000143157","POGK",-0.241449812499973,0.0318915190810315,"POGK",-0.26643252204609,0.0124399471406563
"ENSG00000143319","ISG20L2",-0.353025381646919,0.000310877172147534,"ISG20L2",-0.298348896712648,0.00194899544944178
"ENSG00000143436","MRPL9",-0.275398745702979,0.00277264870217613,"MRPL9",-0.186641870470026,0.0456577431456965
"ENSG00000143442","POGZ",-0.318979948468865,0.0115076416956859,"POGZ",-0.563689267352595,1.04888211982455e-05
"ENSG00000143458","GABPB2",-0.959398662237363,1.51168530977025e-05,"GABPB2",-1.34753260549399,6.91898407360792e-05
"ENSG00000143811","PYCR2",-0.339588779032704,0.00475002145639469,"PYCR2",-0.303350103594869,0.00944401938017755
"ENSG00000144034","TPRKB",-0.307867769158535,0.00182277871428423,"TPRKB",-0.24158411313512,0.0124659096259067
"ENSG00000144355","DLX1",-0.397776918692996,0.00540185861999113,"DLX1",-0.337302698607658,0.0127777369309068
"ENSG00000144468","RHBDD1",-0.518518848146087,0.000741438639847941,"RHBDD1",-0.737438150838445,7.75557761018995e-06
"ENSG00000144579","CTDSP1",-0.427363588254182,2.03743033458727e-05,"CTDSP1",-0.421138696203431,1.59055472519145e-05
"ENSG00000144659","SLC25A38",-0.259604130956226,0.0266936504262649,"SLC25A38",-0.430017766550567,0.000144453231091573
"ENSG00000144848","ATG3",-0.21427232453794,0.0107150813677582,"ATG3",-0.219967046695021,0.00580993644559296
"ENSG00000145191","EIF2B5",-0.287686367242679,7.19607753167434e-05,"EIF2B5",-0.209545559226736,0.00362104547242908
"ENSG00000145604","SKP2",-0.565454908165271,8.69534284970994e-10,"SKP2",-0.35569196127125,0.000109619128866654
"ENSG00000145907","G3BP1",-0.324450586352517,9.45400948101222e-07,"G3BP1",-0.196570673358882,0.00412504797521697
"ENSG00000146223","RPL7L1",-0.135654725805023,0.0451253954756018,"RPL7L1",-0.151919044186997,0.0189050271966189
"ENSG00000146267","FAXC",-0.441289697276316,0.00988258804342263,"FAXC",-0.322909165673552,0.0328449361236697
"ENSG00000146676","PURB",-0.384695033918878,0.000233961487107362,"PURB",-0.330204248015997,0.00126952620386183
"ENSG00000146963","LUC7L2",-0.182570230486967,0.0212906834522678,"LUC7L2",-0.203950807368612,0.00599453085610984
"ENSG00000147274","RBMX",-0.390646653590696,3.27411880366779e-08,"RBMX",-0.206605085689662,0.00506698866830949
"ENSG00000147852","VLDLR",-0.515051753189276,0.00414913242033542,"VLDLR",-0.595890545968213,0.00123065011883347
"ENSG00000148019","CEP78",-0.499506841344873,3.06993119429903e-07,"CEP78",-0.301382961164869,0.00198867670375415
"ENSG00000148229","POLE3",-0.303051117404308,4.47955996325757e-05,"POLE3",-0.207674937343566,0.0056326769595041
"ENSG00000148459","PDSS1",-0.477888774348046,0.00010165654892695,"PDSS1",-0.283654276053365,0.0148993106084444
"ENSG00000148690","FRA10AC1",-0.405998095093355,9.37627431805011e-05,"FRA10AC1",-0.462360885086873,5.57179426992451e-06
"ENSG00000148719","DNAJB12",-0.290135127022296,0.00113028810429042,"DNAJB12",-0.261372702436402,0.00278417557480044
"ENSG00000148840","PPRC1",-0.355406998106456,0.000670991648026879,"PPRC1",-0.335496937729608,0.000885448270549573
"ENSG00000149136","SSRP1",-0.366585922228025,1.5928729474036e-12,"SSRP1",-0.147758830805504,0.0091094899450059
"ENSG00000149532","CPSF7",-0.205193099032894,0.0352573512146767,"CPSF7",-0.266782629946761,0.00255183277540924
"ENSG00000149929","HIRIP3",-0.777689087906855,7.69004061564409e-07,"HIRIP3",-0.391901333497299,0.00213516097381463
"ENSG00000150551","LYPD1",-0.28316868419027,0.031478618594572,"LYPD1",-0.695301004625234,9.42505099143659e-07
"ENSG00000151012","SLC7A11",-1.94285445284546,9.46782824568865e-08,"SLC7A11",-2.14725587620039,9.36867781932999e-10
"ENSG00000151725","CENPU",-0.541314905579445,2.40933730326183e-07,"CENPU",-0.253711717841495,0.0137246473117326
"ENSG00000152253","SPC25",-0.604140876612171,5.92889168840037e-07,"SPC25",-0.353789270581561,0.00193781614455673
"ENSG00000152402","GUCY1A2",-0.467320068415125,0.02677575604694,"GUCY1A2",-0.677819271036877,0.0122706782543477
"ENSG00000152404","CWF19L2",-0.29288114350526,3.58294567244004e-05,"CWF19L2",-0.188204367992157,0.00697779943671546
"ENSG00000152413","HOMER1",-0.292562604504563,0.00457397441061567,"HOMER1",-0.407476715422262,8.4578459415361e-05
"ENSG00000152464","RPP38",-0.405900925312143,0.000103581857215127,"RPP38",-0.269986173221846,0.00665496327187705
"ENSG00000152795","HNRNPDL",-0.654768490182859,3.9108960160808e-16,"HNRNPDL",-0.656854407131532,3.14650737319485e-16
"ENSG00000153187","HNRNPU",-0.570758627894409,1.4016043456911e-18,"HNRNPU",-0.362146142102284,2.80015921259686e-08
"ENSG00000153404","PLEKHG4B",-0.404954568246909,0.0302670947789845,"PLEKHG4B",-0.808655714190866,0.000425992177373365
"ENSG00000153879","CEBPG",-0.742064023316235,3.53146623626009e-08,"CEBPG",-1.06545036559805,5.03555746549531e-16
"ENSG00000153885","KCTD15",-0.431955094698891,0.00670649125596489,"KCTD15",-0.716990642710844,4.00057538119763e-05
"ENSG00000154319","FAM167A",-0.412184796996504,0.00859514006279449,"FAM167A",-0.497025186009467,0.00261267186588108
"ENSG00000154359","LONRF1",-0.536129188936951,0.000232653228198919,"LONRF1",-0.483570924369003,0.00111844320630232
"ENSG00000154832","CXXC1",-0.499486595942109,4.24513570441966e-09,"CXXC1",-0.46807055098191,2.66324749761265e-08
"ENSG00000154928","EPHB1",-0.471750254427593,0.0218079262884387,"EPHB1",-0.445636299425859,0.0302275299002665
"ENSG00000156313","RPGR",-0.440741523666899,0.00119055109947338,"RPGR",-0.66232233259938,1.33026005918194e-06
"ENSG00000156853","ZNF689",-0.464929789265036,0.000173656630035433,"ZNF689",-0.401664364272417,0.000382781062126877
"ENSG00000157540","DYRK1A",-0.38049066371294,0.000173897610174107,"DYRK1A",-0.385554199924082,5.97622991891338e-05
"ENSG00000157693","TMEM268",-0.73272398247984,4.70423265573283e-05,"TMEM268",-0.941878580368538,1.95359979011568e-07
"ENSG00000158169","FANCC",-0.484038967607923,0.000798925756789917,"FANCC",-0.345665674117311,0.00991346906320141
"ENSG00000158615","PPP1R15B",-0.393388711712188,5.90181031447548e-05,"PPP1R15B",-0.245915179455459,0.00996512797075439
"ENSG00000159140","SON",-0.248743453751078,0.00136601833061925,"SON",-0.180610935451719,0.0216115857080687
"ENSG00000160799","CCDC12",-0.494129192155443,1.19310047826611e-07,"CCDC12",-0.267452566855447,0.00302152081647415
"ENSG00000160818","GPATCH4",-0.321012479213798,7.79203721845122e-05,"GPATCH4",-0.377771323863467,1.46360730977516e-06
"ENSG00000160888","IER2",-0.366801394141918,0.000240284535796781,"IER2",-0.266036223390939,0.00762637752299537
"ENSG00000161547","SRSF2",-0.338855937425256,0.000400526457887711,"SRSF2",-0.337859153322629,0.000304106783975135
"ENSG00000162408","NOL9",-0.510840523205394,6.6933531734589e-10,"NOL9",-0.333640921426415,6.05100412035352e-05
"ENSG00000162413","KLHL21",-0.316663899365899,0.0338737650870486,"KLHL21",-0.408850437889678,0.00555878627127606
"ENSG00000162419","GMEB1",-0.323152335087138,0.00429532123106624,"GMEB1",-0.533076216732329,1.86330099650452e-06
"ENSG00000162545","CAMK2N1",-0.341025928587676,0.00683761024813615,"CAMK2N1",-0.568726293218743,8.53441905630127e-06
"ENSG00000162607","USP1",-0.535669440897634,4.84652201035109e-09,"USP1",-0.343645994222237,0.000142210771279466
"ENSG00000162819","BROX",-0.190785390287183,0.015895138231269,"BROX",-0.235436068971123,0.00170804434526747
"ENSG00000163319","MRPS18C",-0.197696914927271,0.0217740001479424,"MRPS18C",-0.244160944391102,0.00223310306110496
"ENSG00000163348","PYGO2",-0.216045026815471,0.0469960002258171,"PYGO2",-0.290598352931495,0.00357109767654841
"ENSG00000163870","TPRA1",-0.265602566996312,0.0362469984712267,"TPRA1",-0.250442110540798,0.0372531004685145
"ENSG00000163900","TMEM41A",-0.231679503961357,0.0124805415475537,"TMEM41A",-0.228527779545972,0.0122706782543477
"ENSG00000163964","PIGX",-0.355410963492274,7.85336233676174e-05,"PIGX",-0.225106875349974,0.00946803873143512
"ENSG00000164032","H2AZ1",-0.272788991149345,0.0369709602293828,"H2AZ1",-0.282755663420637,0.0238665366858428
"ENSG00000164134","NAA15",-0.160592838386501,0.00673590690808317,"NAA15",-0.131820549129204,0.0280033484404475
"ENSG00000164164","OTUD4",-0.300760728855133,0.000344975658884744,"OTUD4",-0.19145568538443,0.0233767987479765
"ENSG00000164815","ORC5",-0.296053469361082,0.00629135301866597,"ORC5",-0.312736829086834,0.00249287374548308
"ENSG00000165417","GTF2A1",-0.342560959691112,9.71838475993949e-05,"GTF2A1",-0.681700244687623,4.12589131829969e-16
"ENSG00000165675","ENOX2",-0.31831813499897,0.00194730106748726,"ENOX2",-0.497633374121286,3.7729443959874e-07
"ENSG00000165732","DDX21",-0.197849283786757,0.000418100364540336,"DDX21",-0.1646350497233,0.00347685141424065
"ENSG00000166123","GPT2",-0.817543952739421,6.33373159024715e-08,"GPT2",-1.02475302483671,1.48338476198772e-11
"ENSG00000166164","BRD7",-0.323814855020247,2.33652475513724e-07,"BRD7",-0.175258756187473,0.00681075222079241
"ENSG00000166197","NOLC1",-0.282305602663625,4.77487253375078e-05,"NOLC1",-0.145279739296628,0.0497652249980895
"ENSG00000166250","CLMP",-0.349484101020213,0.00161261295748611,"CLMP",-0.284573721949811,0.0078314985423568
"ENSG00000166503","HDGFL3",-0.334788144883719,1.7969622459287e-07,"HDGFL3",-0.152737164094536,0.0255550465164032
"ENSG00000166508","MCM7",-0.5924647746725,2.0374153254896e-08,"MCM7",-0.260608731748394,0.013445294624025
"ENSG00000166801","FAM111A",-0.50911108412133,1.39436504722736e-07,"FAM111A",-0.274245850191427,0.0040187009955401
"ENSG00000166889","PATL1",-0.304838160405691,0.00942629266468537,"PATL1",-0.264753243697636,0.0190726544395966
"ENSG00000166986","MARS1",-0.3087810806693,0.00412508704864259,"MARS1",-0.348221070194908,0.000795749832735792
"ENSG00000167118","URM1",-0.286214313452632,0.00636669725294848,"URM1",-0.31951190762918,0.00147174878486036
"ENSG00000167182","SP2",-0.452116022183334,0.00134786907819218,"SP2",-0.683216065588509,5.57150734294887e-06
"ENSG00000167258","CDK12",-0.265964313690762,0.0128809196972425,"CDK12",-0.24360912204532,0.0200844583805622
"ENSG00000167522","ANKRD11",-0.343328957673587,0.00772231506047796,"ANKRD11",-0.252320913864915,0.0460459107965787
"ENSG00000167721","TSR1",-0.220442333460471,3.34267894740832e-05,"TSR1",-0.155295990059038,0.00399470712791102
"ENSG00000167747",NA,-0.32873893710423,0.00564782875138052,NA,-0.259569010642605,0.0249027484364403
"ENSG00000167778","SPRYD3",-0.579220908571231,3.34095768149863e-05,"SPRYD3",-0.614605113779657,2.97664211138716e-05
"ENSG00000167962","ZNF598",-0.216180756020343,0.0410978042330205,"ZNF598",-0.265497315517361,0.0064850255001057
"ENSG00000168003","SLC3A2",-1.18133098536469,2.27616756109529e-16,"SLC3A2",-1.3794877585617,9.74256338999908e-23
"ENSG00000168066","SF1",-0.363215244476129,5.71974104706655e-07,"SF1",-0.278573783947753,0.000126549333244794
"ENSG00000168283","BMI1",-0.32079458349962,0.00277264870217613,"BMI1",-0.577168969652162,8.88073847691025e-08
"ENSG00000168286","THAP11",-0.272809033590717,0.00980880272737586,"THAP11",-0.311525929105547,0.0016365502348111
"ENSG00000168298","H1-4",-0.526047481047524,0.0101314024887417,"H1-4",-0.797919281709386,0.00157527479007988
"ENSG00000168395","ING5",-0.302680863235461,0.00547151776243525,"ING5",-0.359828275418603,0.00032887927785676
"ENSG00000168556","ING2",-0.407913748236471,4.52821969667396e-06,"ING2",-0.317224150246846,0.000198729914364666
"ENSG00000168906","MAT2A",-0.317682978398513,0.00553310361733347,"MAT2A",-0.259031939558685,0.0194352024048664
"ENSG00000169564","PCBP1",-0.362473982857834,9.52775535906039e-09,"PCBP1",-0.351445310781471,1.14347919758661e-08
"ENSG00000169813","HNRNPF",-0.215523444535597,0.00551182377108296,"HNRNPF",-0.228837750228291,0.00222771839767258
"ENSG00000170345","FOS",-1.0944097353125,0.00125876887035136,"FOS",-1.44179434863554,0.000277038514139221
"ENSG00000170561","IRX2",-0.279252725645577,0.0339911874591387,"IRX2",-0.2991204603229,0.0162563103350465
"ENSG00000170577","SIX2",-0.455423681416647,0.00651892340716911,"SIX2",-0.565603994350126,0.00203034003905852
"ENSG00000170779","CDCA4",-0.635903446387109,7.76905625959116e-10,"CDCA4",-0.481611244236164,1.71358804154194e-06
"ENSG00000170854","RIOX2",-0.235213870941535,0.0138625902910772,"RIOX2",-0.281967363538145,0.00207700143165499
"ENSG00000171208","NETO2",-0.358242028541293,5.16475383270188e-07,"NETO2",-0.179353709895243,0.0183787504393872
"ENSG00000171658",NA,-1.34717262527713,0.000587289607143849,NA,-1.3209546246286,0.000204172149418043
"ENSG00000171791","BCL2",-0.808161362090987,3.48816029085113e-06,"BCL2",-0.559112953014184,0.000522261614723104
"ENSG00000171793","CTPS1",-0.277522942483064,0.000320974809263979,"CTPS1",-0.199829503793264,0.00878876014447599
"ENSG00000172137","CALB2",-1.30254910822685,0.000167840139968132,"CALB2",-0.390964082684048,0.0494659298042293
"ENSG00000172239","PAIP1",-0.252639876567332,0.0233547992399122,"PAIP1",-0.353095797083685,0.00061820360605037
"ENSG00000172534","HCFC1",-0.627795229098347,2.0374153254896e-08,"HCFC1",-0.361716028146198,0.000961641897718916
"ENSG00000172732","MUS81",-0.283803862421055,0.00572784572041348,"MUS81",-0.390026391824467,4.49286294409441e-05
"ENSG00000172845","SP3",-0.403571510154871,0.000883637615434906,"SP3",-0.291771720745368,0.0124732611522326
"ENSG00000172977","KAT5",-0.480996946525886,5.64644170933096e-08,"KAT5",-0.538918944118723,3.62130489704259e-10
"ENSG00000173744","AGFG1",-0.203621256662086,0.00377532097977638,"AGFG1",-0.143317321569907,0.0442353870507721
"ENSG00000173812","EIF1",-0.284463166482015,0.00010011424224509,"EIF1",-0.484270589079205,2.45001905909857e-12
"ENSG00000173950","XXYLT1",-0.303730805182203,0.0189725401961146,"XXYLT1",-0.495308615780392,9.0554578059953e-05
"ENSG00000174371","EXO1",-0.493443189910217,9.06308123562872e-05,"EXO1",-0.266784659848385,0.0255625230255304
"ENSG00000174579","MSL2",-0.458012007744421,2.51560990368514e-08,"MSL2",-0.266364302556288,0.00103224039918303
"ENSG00000174606","ANGEL2",-0.233026349942038,0.0211160554512847,"ANGEL2",-0.23129321880162,0.0141461634533199
"ENSG00000174720","LARP7",-0.248030985409842,0.00134143988571981,"LARP7",-0.183329411333029,0.0179424852708267
"ENSG00000174799","CEP135",-0.694262711471503,3.24598079901264e-12,"CEP135",-0.54340688095773,5.46744302250448e-09
"ENSG00000175040","CHST2",-0.412984089155387,0.00894112300645173,"CHST2",-0.57338255564496,0.000727358539376026
"ENSG00000175087","PDIK1L",-0.445038776339275,0.0136939685013622,"PDIK1L",-0.373621207958069,0.0281774403808699
"ENSG00000175387","SMAD2",-0.219232788619038,0.00626743149862066,"SMAD2",-0.276924004087518,0.000264116336770876
"ENSG00000175592","FOSL1",-0.497088899729897,1.51018732635769e-05,"FOSL1",-0.391407662595456,0.00050620875939383
"ENSG00000175879","HOXD8",-0.387159847251672,0.0103545312032258,"HOXD8",-0.463845008199203,0.00315136923617301
"ENSG00000176022","B3GALT6",-0.353885801358133,0.000258726333091382,"B3GALT6",-0.388257881413135,3.270735825259e-05
"ENSG00000176624","MEX3C",-0.329183593105695,0.00945799819332333,"MEX3C",-0.341604540378967,0.006191717119098
"ENSG00000177042","TMEM80",-0.47178399032437,0.00860459134551886,"TMEM80",-0.79987903218488,0.000277508583437197
"ENSG00000177283","FZD8",-0.441724708024033,0.00422178683695124,"FZD8",-0.346083572373376,0.0182876025155606
"ENSG00000177463","NR2C2",-0.28116682454831,0.0228771261595748,"NR2C2",-0.364044770886735,0.0017407778035058
"ENSG00000177733","HNRNPA0",-0.607296554746792,3.9108960160808e-16,"HNRNPA0",-0.560932063816134,2.26999452217937e-14
"ENSG00000177868","SVBP",-0.498105084412756,0.000107838357095389,"SVBP",-0.542819594779988,3.11752135374592e-05
"ENSG00000178409","BEND3",-0.748913697504298,3.81721197708776e-05,"BEND3",-0.348682644667884,0.0213102708578961
"ENSG00000178977","LINC00324",-0.525182710333313,0.00384549045353933,"LINC00324",-0.84637391125583,8.97257897252045e-05
"ENSG00000179010","MRFAP1",-0.230611428419179,0.00232633385306146,"MRFAP1",-0.172715313047381,0.0238665366858428
"ENSG00000179041","RRS1",-0.262780004459672,0.00567219710758409,"RRS1",-0.194952606176466,0.0412903318818646
"ENSG00000179195","ZNF664",-0.219360764882261,0.0354616513191343,"ZNF664",-0.24799041337336,0.0100910248461972
"ENSG00000179943","FIZ1",-0.317733020646326,0.0145690453354858,"FIZ1",-0.592960031596887,4.25970828647835e-06
"ENSG00000180611","MB21D2",-0.385041993712205,0.00437972358091899,"MB21D2",-0.758762153930114,1.27459549183752e-06
"ENSG00000180957","PITPNB",-0.189928111153,0.00344817804796886,"PITPNB",-0.150526425918356,0.0195640562533274
"ENSG00000181019","NQO1",-0.336531079732741,0.0190060391993089,"NQO1",-0.677864469604252,1.2088014357491e-05
"ENSG00000182199","SHMT2",-0.357110817800693,2.44298429843485e-05,"SHMT2",-0.346009808178532,2.49425068818542e-05
"ENSG00000182810","DDX28",-0.280819889652659,0.0473649354063698,"DDX28",-0.297236856276856,0.0244714743788807
"ENSG00000182944","EWSR1",-0.275324176525211,0.000174510425004217,"EWSR1",-0.253214323224371,0.000434727389116463
"ENSG00000183010","PYCR1",-0.491889311992258,4.7062900467582e-05,"PYCR1",-0.457922247443082,0.000126549333244794
"ENSG00000183696","UPP1",-0.568986191214492,0.000484241695088972,"UPP1",-0.625147142972944,0.00030619071072376
"ENSG00000183741","CBX6",-0.314325282040473,0.00370508383975092,"CBX6",-0.259722212069678,0.0148993106084444
"ENSG00000184007","PTP4A2",-0.404785286769975,2.06885404648641e-12,"PTP4A2",-0.306936398659783,1.02804009121202e-07
"ENSG00000184162","NR2C2AP",-0.559055917046922,0.000183522079326391,"NR2C2AP",-0.271635342812926,0.0452246445969486
"ENSG00000184270","H2AC21",-0.5523642441964,0.0128401622482608,"H2AC21",-0.70411031318477,0.00556985686842504
"ENSG00000184508","HDDC3",-0.228991568265352,0.0492389759938207,"HDDC3",-0.261508293528973,0.015236980567365
"ENSG00000184575","XPOT",-0.34938633211102,0.000167840139968132,"XPOT",-0.724607363824538,3.49252732931648e-15
"ENSG00000184897","H1-10",-0.745102641157107,2.39426315497342e-08,"H1-10",-0.399767679935239,0.00159147114944794
"ENSG00000184992","BRI3BP",-0.29366624445056,0.00188003417267295,"BRI3BP",-0.234022997254067,0.0105421437353375
"ENSG00000185022","MAFF",-0.374383756085843,0.00197851031453721,"MAFF",-0.534642974163821,9.53342191904222e-06
"ENSG00000185112","FAM43A",-0.908468413517423,3.71393933402525e-06,"FAM43A",-1.30735265936261,3.27662738247907e-10
"ENSG00000185115","NSMCE3",-0.384517305791892,0.00802023124602794,"NSMCE3",-0.360343037224858,0.0102212915424239
"ENSG00000185261","KIAA0825",-0.559509417982542,0.0112564098433495,"KIAA0825",-0.423602911757748,0.0284032823566324
"ENSG00000185591","SP1",-0.344034277505261,0.000387558156093247,"SP1",-0.553433436545186,4.70551250972035e-09
"ENSG00000187134","AKR1C1",-0.445991348166108,0.0339492203592124,"AKR1C1",-1.22845204239327,0.00134867344751357
"ENSG00000187147","RNF220",-0.489140665322282,5.57569127823855e-14,"RNF220",-0.320859324879775,5.04877650406192e-07
"ENSG00000187713","TMEM203",-0.417429453696097,0.010283158721964,"TMEM203",-0.598442594390548,0.000480834041209216
"ENSG00000187736","NHEJ1",-0.494181854389923,0.00207320894569334,"NHEJ1",-0.676463546179406,9.38259886335386e-05
"ENSG00000187741","FANCA",-0.288699608440004,0.0221693661780807,"FANCA",-0.278821913019825,0.0180864218978657
"ENSG00000187837","H1-2",-0.713804392894681,3.9347975926662e-06,"H1-2",-0.969299633095952,2.29342876301178e-09
"ENSG00000188486","H2AX",-0.629038816040568,1.65632058660827e-07,"H2AX",-0.457129045448043,0.000110477191841779
"ENSG00000188529","SRSF10",-0.412613753983389,8.59065393181066e-12,"SRSF10",-0.444107757634873,1.19509876030964e-14
"ENSG00000188636","RTL6",-0.331788883137274,0.00972424729730646,"RTL6",-0.497633075444714,0.00010146952190262
"ENSG00000188996","HUS1B",-0.511196824215455,0.0184916846439495,"HUS1B",-0.839578805344771,0.00730801179757163
"ENSG00000189060","H1-0",-0.634080115463459,1.52049103641876e-05,"H1-0",-1.03919496245474,1.90045927505038e-11
"ENSG00000196453","ZNF777",-0.655771790318328,4.40725686251447e-05,"ZNF777",-0.288882717572797,0.0428240175390906
"ENSG00000196517","SLC6A9",-0.973310200453362,0.000717908984726535,"SLC6A9",-0.75452098736167,0.00371409949329317
"ENSG00000197063","MAFG",-0.444249773002124,9.37595357664887e-05,"MAFG",-0.394818573526569,0.000391469832528464
"ENSG00000197451","HNRNPAB",-0.44174912779675,1.69055423492325e-10,"HNRNPAB",-0.322029216062986,3.41940027203716e-06
"ENSG00000197461","PDGFA",-0.528233169880445,0.00163986632046539,"PDGFA",-0.623861259723427,0.000696855891607907
"ENSG00000197771","MCMBP",-0.40181693412069,4.00313702554166e-05,"MCMBP",-0.262287614704009,0.00597730072968778
"ENSG00000198142","SOWAHC",-0.539386480162733,7.75712933341081e-07,"SOWAHC",-0.588159971645668,1.32898238114239e-07
"ENSG00000198373","WWP2",-0.359205161411168,0.00283732154925117,"WWP2",-0.342555398767251,0.00364905579658052
"ENSG00000198546","ZNF511",-0.317517103084088,0.0005006495608313,"ZNF511",-0.227072270322442,0.0105473397139677
"ENSG00000198625","MDM4",-0.31260871496615,0.00791357258285496,"MDM4",-0.385303593518933,0.000546405490654405
"ENSG00000198793","MTOR",-0.279367770264905,0.00893015774683558,"MTOR",-0.247203079741351,0.015236980567365
"ENSG00000198874","TYW1",-0.319611327321969,0.00208387013737766,"TYW1",-0.211693446347421,0.0379330778982774
"ENSG00000198890","PRMT6",-0.331720237081323,0.0146651538198687,"PRMT6",-0.371672283059325,0.00516054544345783
"ENSG00000198912","C1orf174",-0.24092437708527,0.0395743824038452,"C1orf174",-0.369452146703751,0.000821555389310692
"ENSG00000204209","DAXX",-0.270278472072312,0.000252035861418656,"DAXX",-0.222221491845424,0.0018259599673308
"ENSG00000204267","TAP2",-0.212809772281103,0.0267620595106382,"TAP2",-0.217176225425573,0.0174892909388178
"ENSG00000204388","HSPA1B",-0.39678210034718,0.00188932752126637,"HSPA1B",-0.303589191521533,0.0150532286193826
"ENSG00000204389","HSPA1A",-0.492663066898775,8.17077448983097e-05,"HSPA1A",-0.439138144559162,0.00030619071072376
"ENSG00000204438","GPANK1",-0.275893605101312,0.016732477619453,"GPANK1",-0.345994273662124,0.00143176198289569
"ENSG00000204922","UQCC3",-0.416458105212674,0.000774838728033402,"UQCC3",-0.32301569295018,0.00731155411121769
"ENSG00000205208","C4orf46",-0.30660124642964,0.0103743307550154,"C4orf46",-0.249381935537089,0.0262648331614879
"ENSG00000205212",NA,-0.401903655425021,0.0288697031295499,NA,-0.494719882347803,0.0113041415459808
"ENSG00000205250","E2F4",-0.232322034383359,0.00868957383727759,"E2F4",-0.258541567770611,0.00200455555177316
"ENSG00000205937","RNPS1",-0.314571726285887,0.00161261295748611,"RNPS1",-0.489973119719618,3.64550997125527e-07
"ENSG00000213079","SCAF8",-0.369777832740312,0.000869179356016046,"SCAF8",-0.248417747803718,0.0216115857080687
"ENSG00000213390","ARHGAP19",-0.532698919499859,0.00189853601040118,"ARHGAP19",-0.346231793880907,0.0332099126639508
"ENSG00000213551","DNAJC9",-0.523300637150411,2.0374153254896e-08,"DNAJC9",-0.242422250265298,0.00924775438328675
"ENSG00000213699","SLC35F6",-0.428568152382967,5.19724493124633e-05,"SLC35F6",-0.369220073634346,0.000371851692833973
"ENSG00000213853","EMP2",-0.413107228892516,0.000240284535796781,"EMP2",-0.326024456474259,0.00364905579658052
"ENSG00000214046","SMIM7",-0.310618965718601,0.000684623878573257,"SMIM7",-0.365134627745598,3.1312638126867e-05
"ENSG00000214160","ALG3",-0.27890846745295,0.0145061157247275,"ALG3",-0.447118482412076,4.73770416521861e-05
"ENSG00000215301","DDX3X",-0.358444240017999,1.81020816631686e-07,"DDX3X",-0.148738217986381,0.0474648517901135
"ENSG00000221963","APOL6",-0.406669256310924,0.00987738074498404,"APOL6",-0.368405857701239,0.0134039932295494
"ENSG00000223496","EXOSC6",-0.44671934017577,2.40933730326183e-07,"EXOSC6",-0.329476888705705,0.00012622187541958
"ENSG00000223959",NA,-0.39810969311014,0.00590012849194644,NA,-0.302174949306771,0.029347838879053
"ENSG00000223960","CHROMR",-0.619743041916194,0.000176614441390374,"CHROMR",-0.332825096520561,0.0207788739275389
"ENSG00000225648",NA,-0.448174813178631,0.000193515894044846,NA,-0.411393234222854,0.000410428959292533
"ENSG00000225921","NOL7",-0.333240907945566,3.71510057894115e-07,"NOL7",-0.193501971285285,0.00440184070291417
"ENSG00000226688","ENTPD1-AS1",-0.280676257199709,0.0210967861119587,"ENTPD1-AS1",-0.308008803857084,0.00788651612289086
"ENSG00000228716","DHFR",-0.284841793466708,0.00860727066748499,"DHFR",-0.243528945862329,0.0197246292731075
"ENSG00000233016","SNHG7",-0.304617917329414,0.00272445366769698,"SNHG7",-0.431219600431365,1.1192168117701e-05
"ENSG00000233098","LOC339260",-0.599673661017381,6.35265202562912e-11,"LOC339260",-0.534164755726517,1.92808164282282e-09
"ENSG00000234616","JRK",-0.321424331036158,0.0138066108630354,"JRK",-0.359839528765731,0.00576609534636469
"ENSG00000238227","TMEM250",-0.263346604900287,0.0159405993770693,"TMEM250",-0.288993631240539,0.00605583886970978
"ENSG00000239306","RBM14",-0.678332809031759,3.99240884723609e-07,"RBM14",-0.37113838721875,0.00362104547242908
"ENSG00000240695",NA,-1.11982569459341,0.000344653109448853,NA,-0.464770766894658,0.0284857233726844
"ENSG00000242125","SNHG3",-0.286986085445954,0.0265064246539413,"SNHG3",-0.518518528788479,5.44238986402e-05
"ENSG00000242485","MRPL20",-0.207386531901649,0.0253989789208919,"MRPL20",-0.219136851196057,0.0130196536469464
"ENSG00000244405","ETV5",-0.401433978548836,0.000897456115752456,"ETV5",-0.356064430587937,0.00249287374548308
"ENSG00000244462","RBM12",-0.241274560403552,0.0093503259164612,"RBM12",-0.208256568788141,0.0228996168678462
"ENSG00000245694","CRNDE",-0.30691018724493,0.0276457270448763,"CRNDE",-0.258314731070748,0.0497830259561669
"ENSG00000254470","AP5B1",-0.365096475874177,0.00440224031151144,"AP5B1",-0.463969982942807,0.000317977785286054
"ENSG00000259956","RBM15B",-0.221322994978705,0.00575595904180248,"RBM15B",-0.225410379637045,0.00339103825549937
"ENSG00000260231","KDM7A-DT",-0.573047918119916,0.0169732560334748,"KDM7A-DT",-0.597745050299545,0.0212430915874308
"ENSG00000262049",NA,-1.30546733715257,5.74969687353509e-05,NA,-0.66700312211255,0.00319344430241692
"ENSG00000263563",NA,-0.539563494194076,8.55792066289244e-06,NA,-0.903761600149222,2.22035544379708e-13
"ENSG00000265241","RBM8A",-0.38446979266506,1.179446182994e-07,"RBM8A",-0.191583677973175,0.0118639502406906
"ENSG00000265688","MILIP",-0.501513275076967,0.00187363450923381,"MILIP",-0.681859207847058,8.24396247668844e-05
"ENSG00000269044",NA,-0.965457738570161,0.00108206903132215,NA,-0.558754388886323,0.0152914152473929
"ENSG00000272711","HK2-DT",-0.358429746775731,0.0106036728535014,"HK2-DT",-0.261706039795777,0.0408953918011626
"ENSG00000272888",NA,-0.359856778495568,5.56333023071251e-05,NA,-0.373350039752917,1.1378721192027e-05
"ENSG00000273899","NOL12",-0.626083886436684,0.000157332583967878,"NOL12",-0.41572909000768,0.00662877952723852
"ENSG00000275700","AATF",-0.303647886884437,0.000918030053521071,"AATF",-0.234003884474177,0.0100125249905703
"ENSG00000276043","UHRF1",-0.555701060748788,0.000191308907998956,"UHRF1",-0.336171600736035,0.0219339709113562
"ENSG00000276234","TADA2A",-0.330908606747145,0.000137379282623704,"TADA2A",-0.264210659522211,0.00104990803212775
"ENSG00000276384",NA,-0.341905272862941,0.0417956145780379,NA,-0.418508922008973,0.0485604638186421
"ENSG00000277075","H2AC8",-0.505763640184963,0.0171571676235647,"H2AC8",-0.810451918448647,0.00302017030966494
"ENSG00000277161","PIGW",-0.349926100312763,0.00706172990146783,"PIGW",-0.436819324250351,0.00055582917645397
"ENSG00000279864",NA,-0.492072396488557,0.00066216827260552,NA,-1.05537614733516,4.2509469918615e-12
"ENSG00000280789","PAGR1",-0.372010923384593,0.00546830478559387,"PAGR1",-0.264861239803565,0.0409759684624108
"ENSG00000283498","MIR1244-2",-0.445259299184347,0.00241781813334335,"MIR1244-2",-0.326481144758341,0.0204297382669891
"ENSG00000285822",NA,-0.366725263336082,0.0209245899519618,NA,-0.733677294539823,3.1312638126867e-05
"ENSG00000286835",NA,-0.401842877509971,0.0432688324128914,NA,-0.817565092335861,0.00633946868199031
"ENSG00000287861","LOC107984132",-0.87231805837688,1.94300199465227e-06,"LOC107984132",-0.885303158380124,7.85136806042188e-07
"ENSG00000288899",NA,-0.312230937318976,0.0179305563434313,NA,-0.296620711091876,0.0194618641650219
"ERCC-00062",NA,-0.4330281515734,0.0352573512146767,NA,-1.15921090299733,0.00223076032831649
"ERCC-00112",NA,-0.751648583005633,0.00791357258285496,NA,-3.93873208029742,3.34764911287306e-05
