"ENSEMBL","SYMBOL","log2FoldChange","padj"
"ENSG00000000003","TSPAN6",0.300180874626815,0.0367433912246793
"ENSG00000001036","FUCA2",0.350685101517777,0.00220124537472321
"ENSG00000003137","CYP26B1",0.715648378242315,0.0166961896526813
"ENSG00000005801","ZNF195",0.277403746903162,0.0398476766659219
"ENSG00000006282","SPATA20",0.375566400550658,0.0379899246113245
"ENSG00000006652","IFRD1",0.44457620500956,0.0191660667148979
"ENSG00000008018","PSMB1",0.335542925302032,0.00364860613452897
"ENSG00000008952","SEC62",0.205204992390257,0.0184832031432675
"ENSG00000011405","PIK3C2A",0.219822573783629,0.0102525311839717
"ENSG00000012061","ERCC1",0.534874016054115,2.71404095906585e-08
"ENSG00000013375","PGM3",0.221226372479937,0.0067864607506171
"ENSG00000014914","MTMR11",0.442371159813053,0.031045464457848
"ENSG00000019144","PHLDB1",0.315376134183694,0.0386242426633052
"ENSG00000026025","VIM",0.374261039516539,0.0318510190463369
"ENSG00000027869","SH2D2A",1.17497260730309,1.49214111863069e-05
"ENSG00000033100","CHPF2",0.283534624687873,0.0497786240473592
"ENSG00000034677","RNF19A",0.335143821715337,0.0343756280570388
"ENSG00000037042","TUBG2",0.396638280294112,0.0400784539445258
"ENSG00000039650","PNKP",0.308186671713586,0.0181255602888671
"ENSG00000047365","ARAP2",0.329462530473463,0.0488912116262845
"ENSG00000049192","ADAMTS6",0.928972794500444,0.000613221156118716
"ENSG00000050344","NFE2L3",0.531218658566452,0.00212476919295844
"ENSG00000054392","HHAT",0.478824454014041,0.0194423314566901
"ENSG00000057019","DCBLD2",0.284486716151621,0.0113439480724689
"ENSG00000057252","SOAT1",0.312819504466841,0.00340144435774114
"ENSG00000057704","TMCC3",1.55948913001835,4.53449275003306e-06
"ENSG00000058085","LAMC2",0.274186003712574,0.0282044139326724
"ENSG00000059728","MXD1",0.337593361813748,0.0261585082826056
"ENSG00000060558","GNA15",0.699301847118022,1.78311479249881e-06
"ENSG00000060971","ACAA1",0.300559023327246,0.0126009585404833
"ENSG00000061987","MON2",0.383295952134806,0.0206074205540872
"ENSG00000062716","VMP1",0.415129978563629,0.00213370442866467
"ENSG00000064012","CASP8",0.276031113589297,0.0238085117619393
"ENSG00000064490","RFXANK",0.305105424945582,0.0385663831433736
"ENSG00000065491","TBC1D22B",0.352793450656845,0.0385748646771518
"ENSG00000067182","TNFRSF1A",0.246647916255832,0.0291273169133605
"ENSG00000068745","IP6K2",0.247319155211088,0.0308922700232529
"ENSG00000070087","PFN2",0.298425497866271,0.019601600643856
"ENSG00000070404","FSTL3",0.34924375751619,0.0367433912246793
"ENSG00000074047","GLI2",0.974880687344688,0.00525211021646642
"ENSG00000074219","TEAD2",0.359862367373539,0.0487745798858334
"ENSG00000075539","FRYL",0.218553142959448,0.049182484430011
"ENSG00000075568","TMEM131",0.390225124710584,0.00401028063301165
"ENSG00000076641","PAG1",0.406292260737745,0.0213880574354571
"ENSG00000077238","IL4R",0.641822392777631,8.34734630703099e-07
"ENSG00000079215","SLC1A3",0.485346850829584,0.0298070724776957
"ENSG00000081870","IFT25",0.271012775672845,0.0264613149780826
"ENSG00000082781","ITGB5",0.420308869994904,0.00186762518652703
"ENSG00000084636","COL16A1",0.587722108948,0.0449136723233588
"ENSG00000085063","CD59",0.383995026065006,0.00386972699895156
"ENSG00000085185","BCORL1",0.39746598722305,0.049182484430011
"ENSG00000086666","ZFAND6",0.476623744814258,0.000294710127811313
"ENSG00000087206","UIMC1",0.2955174625534,0.00205597938675014
"ENSG00000087494","PTHLH",1.1908632839954,0.0058957835502794
"ENSG00000092969","TGFB2",1.28763230061622,0.000731676804148877
"ENSG00000093167","LRRFIP2",0.234074690123955,0.0222114303052379
"ENSG00000099250","NRP1",0.614311634180421,0.00163662002889307
"ENSG00000099337","KCNK6",0.431200525765226,0.0186147699618304
"ENSG00000099999","RNF215",0.729327706881632,0.0167541809612828
"ENSG00000100209","HSCB",0.720896645695512,0.000371980206799572
"ENSG00000100330","MTMR3",0.342707178936791,0.0244059882248411
"ENSG00000100600","LGMN",0.469763912774784,0.0100257063578476
"ENSG00000100612","DHRS7",0.341039186957488,0.0139591728642942
"ENSG00000100867","DHRS2",0.919943616490997,0.00352995057682782
"ENSG00000101000","PROCR",0.472739193406095,0.000208169577789213
"ENSG00000101608","MYL12A",0.326251710798713,0.000438318972180079
"ENSG00000102189","EEA1",0.422634358471327,0.000445447207769265
"ENSG00000102265","TIMP1",0.541499690236125,0.00147601697094185
"ENSG00000102359","SRPX2",0.403079266524828,0.0346287840780062
"ENSG00000102572","STK24",0.240308209603753,0.0428665206605896
"ENSG00000102699","PARP4",0.315788660647547,0.0346737389723339
"ENSG00000102781","KATNAL1",0.434198429164047,0.00353627390570121
"ENSG00000102901","CENPT",0.333889811706717,0.0469746642292732
"ENSG00000102908","NFAT5",0.384709288786662,0.0258342505318557
"ENSG00000103145","HCFC1R1",0.335846815869088,0.00960483055578355
"ENSG00000103381","CPPED1",0.283759846644793,0.037675146830629
"ENSG00000103507","BCKDK",0.241840476520663,0.0391899405456394
"ENSG00000104312","RIPK2",0.317679567877447,0.0109079705642232
"ENSG00000104365","IKBKB",0.309484615074659,0.0445112119364455
"ENSG00000104783","KCNN4",0.281493485216949,0.0174142888802844
"ENSG00000105048","TNNT1",0.780581508605676,0.000141529923805106
"ENSG00000105329","TGFB1",0.591127470136842,0.00690033503910459
"ENSG00000105640","RPL18A",0.283797305417015,0.0413736849761604
"ENSG00000105829","BET1",0.376078890656959,0.0156944042838545
"ENSG00000108854","SMURF2",0.381104741505575,0.0189464441000568
"ENSG00000109790","KLHL5",0.312454389867859,0.0161270054198015
"ENSG00000109861","CTSC",0.26682164179239,0.044964657226539
"ENSG00000110315","RNF141",0.273066312534906,0.0198325119773438
"ENSG00000110888","CAPRIN2",0.319574722535892,0.0425201062244971
"ENSG00000111961","SASH1",0.338562933261552,0.0135155826538684
"ENSG00000112655","PTK7",0.417234834897036,0.0183228609076936
"ENSG00000113441","LNPEP",0.250802458830492,0.00884330293440208
"ENSG00000113758","DBN1",0.418907871301569,1.09006351052254e-05
"ENSG00000113812","ACTR8",0.249144853345657,0.0344679370038771
"ENSG00000114166","KAT2B",0.568232866494386,0.0248078516591984
"ENSG00000115008","IL1A",0.517565591909813,0.00391609517290657
"ENSG00000115009","CCL20",0.541913287054229,0.0434894481132154
"ENSG00000115159","GPD2",0.259623346865503,0.00833390200927142
"ENSG00000115392","FANCL",0.439112075657808,0.00024521437836776
"ENSG00000115540","MOB4",0.232917958355878,0.0490133953114965
"ENSG00000115993","TRAK2",0.350836560824031,0.0202867347332142
"ENSG00000116489","CAPZA1",0.237287952247209,0.00716929881914258
"ENSG00000117153","KLHL12",0.314558015407037,0.0174757700977952
"ENSG00000117407","ARTN",1.09714111723019,0.00206466442132212
"ENSG00000119414","PPP6C",0.237664661630044,0.0263329420898835
"ENSG00000120254","MTHFD1L",0.286862113271533,0.00841174212882942
"ENSG00000120509","PDZD11",0.278200533581389,0.014114609350017
"ENSG00000121895","TMEM156",1.26046792763563,9.59278889740592e-05
"ENSG00000122591","HYCC1",0.243996007989527,0.0363902778647992
"ENSG00000122678","POLM",0.588825623169141,0.00134143606854951
"ENSG00000122786","CALD1",0.301448631698838,0.0121574865626377
"ENSG00000122861","PLAU",2.23207409122815,9.57176759341789e-07
"ENSG00000123415","SMUG1",0.390138389186564,0.0086750194078893
"ENSG00000123977","DAW1",0.478343777845556,0.0488269247450579
"ENSG00000124225","PMEPA1",0.601677300641068,0.0131254260551727
"ENSG00000124882","EREG",0.769011620637288,0.0224045744833609
"ENSG00000125170","DOK4",0.479351791062939,0.0435114664571586
"ENSG00000125726","CD70",1.51277766161576,8.34734630703099e-07
"ENSG00000126432","PRDX5",0.616908023945286,5.95398690829876e-07
"ENSG00000126562","WNK4",0.692239560028493,0.0305576026992552
"ENSG00000127920","GNG11",0.776366923730477,0.0189708826144107
"ENSG00000128340","RAC2",0.512049584297254,4.29432138338592e-06
"ENSG00000128342","LIF",0.865836827536452,0.00731028025179304
"ENSG00000128463","EMC4",0.414667454790375,0.000113266277725268
"ENSG00000128563","PRKRIP1",0.265000947084,0.0399080293592004
"ENSG00000128829","EIF2AK4",0.230696650251804,0.00401197777904639
"ENSG00000129474","AJUBA",0.434776506535946,0.0043114757862135
"ENSG00000129680","MAP7D3",0.28809408194962,0.000918489552505679
"ENSG00000130066","SAT1",0.718856531135676,7.37553633450176e-07
"ENSG00000130635","COL5A1",0.664899134599414,0.0253685422422256
"ENSG00000130811","EIF3G",0.18002115517308,0.0464769051191867
"ENSG00000130813","SHFL",0.432557404085222,0.0177015262712906
"ENSG00000131013","PPIL4",0.33597007502154,0.00241229427597331
"ENSG00000131016","AKAP12",0.69342810914692,0.0118540940305832
"ENSG00000131378","RFTN1",0.304566724883758,0.0262945441915103
"ENSG00000131475","VPS25",0.240433086968551,0.0497069692963511
"ENSG00000131725","WDR44",0.333667691853528,0.03684487132902
"ENSG00000132031","MATN3",0.521629970728692,0.041589891789224
"ENSG00000132334","PTPRE",0.349118699378706,0.0485542147022627
"ENSG00000132405","TBC1D14",0.23308510131941,0.037675146830629
"ENSG00000132646","PCNA",0.268511534245998,0.0253853598235775
"ENSG00000133030","MPRIP",0.301339354985898,0.0163941890830421
"ENSG00000133466","C1QTNF6",0.487778399334008,0.0313639514005207
"ENSG00000134265","NAPG",0.295644333347812,0.0193458107462106
"ENSG00000134285","FKBP11",0.392791697633086,0.0448836239170953
"ENSG00000134954","ETS1",0.389135707552432,0.01057328323957
"ENSG00000134955","SLC37A2",0.338779752526212,0.0218775303913621
"ENSG00000135074","ADAM19",1.73293268941681,0.000122880011078619
"ENSG00000135211","TMEM60",0.333289588616089,0.0489176828931765
"ENSG00000135318","NT5E",0.39243758213817,0.00320978216083368
"ENSG00000135404","CD63",0.346256886636477,0.00335208078225298
"ENSG00000135845","PIGC",0.284981992430405,0.0437792157467378
"ENSG00000135932","CAB39",0.339520548377316,0.000406850618092124
"ENSG00000136144","RCBTB1",0.462835185106446,0.0276631232850526
"ENSG00000136193","SCRN1",0.402541148138966,0.00426926264740967
"ENSG00000136603","SKIL",0.391930446141751,0.0184259965106239
"ENSG00000136930","PSMB7",0.306262061980733,0.00223899756097565
"ENSG00000137124","ALDH1B1",0.302415176005152,0.00120345778507849
"ENSG00000137486","ARRB1",0.595475646063939,0.0380087129756954
"ENSG00000137752","CASP1",0.494440476142573,0.0134034781967209
"ENSG00000137831","UACA",0.475599281858545,0.000426070746919145
"ENSG00000137880","GCHFR",0.712494640048054,0.0195573030477395
"ENSG00000137942","FNBP1L",0.312005611740336,0.0324364204420491
"ENSG00000138138","ATAD1",0.314490921905059,0.00267321614585707
"ENSG00000138326","RPS24",0.152539491983903,0.0253891749199463
"ENSG00000138382","METTL5",0.288798451765167,0.00285056075770279
"ENSG00000138434","ITPRID2",0.335641771957515,0.0142174800223687
"ENSG00000138685","FGF2",0.40078633682248,0.0059323513255379
"ENSG00000139211","AMIGO2",0.84044064676482,0.00337959291837146
"ENSG00000139289","PHLDA1",0.303253934731582,0.0431869527029928
"ENSG00000139318","DUSP6",0.880766225244961,8.57170033471786e-06
"ENSG00000139324","TMTC3",0.271578247798872,0.011447852694495
"ENSG00000139436","GIT2",0.313360929904172,0.0150138387765844
"ENSG00000139517","LNX2",0.389824728631958,0.00955718730612346
"ENSG00000139641","ESYT1",0.322338216605924,0.00435313038199103
"ENSG00000140365","COMMD4",0.252976225257224,0.0204332573525706
"ENSG00000142632","ARHGEF19",0.809272250624258,0.0133503471455203
"ENSG00000142733","MAP3K6",0.42908073362934,0.00896407219620516
"ENSG00000142949","PTPRF",0.348208975527181,7.24881664096579e-05
"ENSG00000143061","IGSF3",0.2961417441857,0.0407541119801305
"ENSG00000143207","COP1",0.248548951604598,0.0453671276735816
"ENSG00000143507","DUSP10",0.504292018998909,0.0115885288219795
"ENSG00000143545","RAB13",0.325183776451765,0.0425517317162838
"ENSG00000143801","PSEN2",0.645083299121285,0.0233663617085795
"ENSG00000144566","RAB5A",0.185908653844735,0.0291210329342347
"ENSG00000144747","TMF1",0.298861879429787,0.00665075979693658
"ENSG00000145113","MUC4",0.501078088912413,0.0442330121050497
"ENSG00000145715","RASA1",0.31604838324619,0.0227010085077042
"ENSG00000145817","YIPF5",0.303516349087005,0.0223948640641895
"ENSG00000145833","DDX46",0.203011200875481,0.0489000101746601
"ENSG00000146143","PRIM2",0.328823813323748,0.0461033190103101
"ENSG00000146592","CREB5",0.588894571348923,0.000755688375353325
"ENSG00000147010","SH3KBP1",0.354625878847065,0.0256650386655714
"ENSG00000147454","SLC25A37",0.303501969574473,0.00283801569877429
"ENSG00000147852","VLDLR",0.644743144829833,0.0387928267704361
"ENSG00000148541","FAM13C",0.767825057865077,0.0242698918598219
"ENSG00000149932","TMEM219",0.427726540207403,0.0008420029028884
"ENSG00000149948","HMGA2",0.420137590902034,0.00972526098180535
"ENSG00000150687","PRSS23",1.18789253583293,6.2059887860561e-06
"ENSG00000151117","TMEM86A",1.21959154139073,0.00599184319115519
"ENSG00000151135","TMEM263",0.309243936334738,0.0185434830009351
"ENSG00000153006","SREK1IP1",0.406236030385817,0.000119404031193167
"ENSG00000153071","DAB2",0.768330997638791,0.00227030489795491
"ENSG00000153558","FBXL2",0.671553497765744,0.00543541306746499
"ENSG00000154678","PDE1C",0.729042275702109,0.0182205268171102
"ENSG00000154710","RABGEF1",0.448974886640715,0.00397287136012269
"ENSG00000154914","USP43",1.13911416913881,0.000129938531093966
"ENSG00000155304","HSPA13",0.366488503104721,0.0217559957446915
"ENSG00000156113","KCNMA1",0.731936751865926,0.0264733019141159
"ENSG00000156482","RPL30",0.188898389787869,0.0340650127744039
"ENSG00000157020","SEC13",0.277165289156523,0.00786249339765951
"ENSG00000157349","DDX19B",0.428603341414466,0.00292888714977386
"ENSG00000157551","KCNJ15",0.545000554186058,0.0128955710089305
"ENSG00000157680","DGKI",0.583056366989149,0.0325208883555305
"ENSG00000158023","CFAP251",1.43396785835856,2.13411387547962e-06
"ENSG00000158258","CLSTN2",0.721948708604837,0.0157537728162132
"ENSG00000158715","SLC45A3",0.433453987114226,0.0097291834421083
"ENSG00000159167","STC1",0.768297461689566,0.00159465557220453
"ENSG00000160050","CCDC28B",0.361279143302129,0.0429234823934104
"ENSG00000160410","SHKBP1",0.45849148970888,3.53203535004891e-05
"ENSG00000160469","BRSK1",0.674294860433208,0.0344613171694089
"ENSG00000160991","ORAI2",0.560066207836303,0.00187997277763708
"ENSG00000161682","FAM171A2",0.508716610988029,0.0216467196678291
"ENSG00000161970","RPL26",0.284271043057294,0.00444699802689512
"ENSG00000162458","FBLIM1",0.746788327349745,4.55229601674926e-06
"ENSG00000163466","ARPC2",0.207123853016904,0.00980190044267419
"ENSG00000163577","EIF5A2",0.648802179766378,0.00011211777872438
"ENSG00000163629","PTPN13",0.525944352576303,0.00297856826358012
"ENSG00000163719","MTMR14",0.313198570987825,0.0374115233356078
"ENSG00000163785","RYK",0.207750944380523,0.0303639579675185
"ENSG00000163918","RFC4",0.301896666542635,0.0322959530098606
"ENSG00000164078","MST1R",0.615504858239298,0.00660262970077978
"ENSG00000164088","PPM1M",0.490485421467277,0.0410451818455841
"ENSG00000164099","PRSS12",0.405857252990419,0.024465799421313
"ENSG00000164169","PRMT9",0.68198864390373,0.00854130420331084
"ENSG00000164402","SEPTIN8",0.216935754801066,0.044810973390339
"ENSG00000164543","STK17A",0.406894519926904,0.000329985229932216
"ENSG00000164674","SYTL3",0.508280661702516,0.014380597358815
"ENSG00000164733","CTSB",0.484287714780588,7.13511619719087e-08
"ENSG00000164796","CSMD3",0.727596297172863,0.0268860976823168
"ENSG00000164951","PDP1",0.342376919598824,0.0464051841621155
"ENSG00000164983","TMEM65",0.318047308300542,0.0121248696161036
"ENSG00000165312","OTUD1",0.899520673367036,0.00287390614751834
"ENSG00000165322","ARHGAP12",0.341513272657383,0.00478069347737322
"ENSG00000165476","REEP3",0.2473450426763,0.0201519231248758
"ENSG00000165502","RPL36AL",0.352721170583001,0.00276511639421786
"ENSG00000165801","ARHGEF40",0.633852661853831,0.0119484215654049
"ENSG00000165891","E2F7",0.44687223416568,0.00542182277933962
"ENSG00000166128","RAB8B",0.712774383161319,5.91302633834012e-06
"ENSG00000166130","IKBIP",0.25191978628076,0.0491893325640879
"ENSG00000166173","LARP6",0.977685370395148,8.18013185580957e-06
"ENSG00000166452","AKIP1",0.251535261225327,0.0223948640641895
"ENSG00000166578","IQCD",0.590283676038873,0.0469203616688024
"ENSG00000167123","CERCAM",0.79595343020846,0.0225024781695667
"ENSG00000167264","DUS2",0.305290682167292,0.0291630161373212
"ENSG00000167315","ACAA2",0.232271734324005,0.040463844484914
"ENSG00000167525","PROCA1",0.598590450132393,0.0427759431109233
"ENSG00000167552","TUBA1A",0.569131870957309,0.0281213981940188
"ENSG00000167601","AXL",1.04169444574953,5.13662463463812e-08
"ENSG00000167646","DNAAF3",0.950718609989488,0.00906381255194297
"ENSG00000167740","CYB5D2",0.420880448168276,0.023950234745339
"ENSG00000167779","IGFBP6",0.985552194712797,3.41529257178924e-07
"ENSG00000168077","SCARA3",0.840191943766016,8.53532328370147e-05
"ENSG00000168237","GLYCTK",0.532075794784603,0.00909967638778947
"ENSG00000168495","POLR3D",0.212582536811186,0.0286687679901249
"ENSG00000168615","ADAM9",0.295044178912307,0.00420160031654215
"ENSG00000168653","NDUFS5",0.241414712668749,0.0364715529324932
"ENSG00000168765","GSTM4",0.755613732752165,0.00681753042249217
"ENSG00000168785","TSPAN5",0.38966827350025,0.0150474690854913
"ENSG00000169129","AFAP1L2",0.628612061559698,0.0227150146652963
"ENSG00000169131","ZNF354A",0.332897196065497,0.0134994720150226
"ENSG00000169241","SLC50A1",0.32494652789397,0.0318969735090486
"ENSG00000169398","PTK2",0.395008233535968,0.000656544253425526
"ENSG00000169429","CXCL8",0.609060521315878,0.0355437041181237
"ENSG00000169599","NFU1",0.482535264642228,0.000103995013755523
"ENSG00000169733","RFNG",0.358203273451916,0.0154123053372524
"ENSG00000169919","GUSB",0.326497937242546,0.01791313130866
"ENSG00000170248","PDCD6IP",0.214197506988657,0.0252195744708555
"ENSG00000170558","CDH2",0.720096441523154,0.000611233729671748
"ENSG00000170949","ZNF160",0.624040180285732,0.00693140078773894
"ENSG00000170989","S1PR1",0.618696465558997,0.0365474829978948
"ENSG00000171055","FEZ2",0.18199802152394,0.0453671276735816
"ENSG00000171159","BBLN",0.33455134249535,0.0473533777809416
"ENSG00000171160","MORN4",0.375225583957222,0.0426820306255298
"ENSG00000171606","ZNF274",0.423159663464229,0.0189708826144107
"ENSG00000171608","PIK3CD",0.454027537111412,0.007881099414099
"ENSG00000171824","EXOSC10",0.298019282734463,0.00150267113130952
"ENSG00000172031","EPHX4",0.517275674408119,0.0181522706774756
"ENSG00000172175","MALT1",0.313125346447338,0.0143896569881367
"ENSG00000172270","BSG",0.20512894651617,0.0482399253232337
"ENSG00000172331","BPGM",0.346799262433547,0.0464051841621155
"ENSG00000172380","GNG12",0.204079508542229,0.0368450979191094
"ENSG00000172661","WASHC2C",0.329569284058095,0.0272798392374009
"ENSG00000172687","ZNF738",0.641189985298289,0.0355641277873827
"ENSG00000172757","CFL1",0.266283072680887,0.000505649491360002
"ENSG00000172965","MIR4435-2HG",0.444809594830225,0.00973257261996632
"ENSG00000173727",NA,0.547303737962468,0.0337522895984435
"ENSG00000173821","RNF213",0.312826624408653,0.0151320191035144
"ENSG00000174652","ZNF266",0.614436944836705,0.00970442244973571
"ENSG00000174799","CEP135",0.319634970142228,0.00402085824441812
"ENSG00000175274","TP53I11",1.07430212716081,7.56496236720615e-05
"ENSG00000175592","FOSL1",0.386970718613916,0.0108797532844477
"ENSG00000175832","ETV4",0.381649336831609,0.0259842532011327
"ENSG00000176142","TMEM39A",0.29958384169922,0.0377344330899994
"ENSG00000176225","RTTN",0.34351828248298,0.0275738156881758
"ENSG00000176401","EID2B",0.469702202082431,0.0253853598235775
"ENSG00000176454","LPCAT4",1.50874760895094,6.77037371186215e-05
"ENSG00000176903","PNMA1",0.280269585397014,0.0469203616688024
"ENSG00000177426","TGIF1",0.313800989711825,0.0328440633797085
"ENSG00000177427","MIEF2",0.519563436456418,0.000803278306473112
"ENSG00000177627","C12orf54",1.80749588513694,0.000454682158024129
"ENSG00000177674","AGTRAP",0.284300557654054,0.0256289761906894
"ENSG00000178896","EXOSC4",0.244850942076087,0.0210898492011557
"ENSG00000178922","HYI",0.349040532308268,0.0103425950309789
"ENSG00000179862","CITED4",0.670393254125801,9.67602718664442e-05
"ENSG00000180891","CUEDC1",0.357695471461705,0.0166577929812706
"ENSG00000181126",NA,0.623677018934503,0.0280194256573082
"ENSG00000181722","ZBTB20",0.481600363880964,0.0134482317864267
"ENSG00000182400","TRAPPC6B",0.480525913033259,0.000959793676128092
"ENSG00000183696","UPP1",0.389001123415714,0.020297722184162
"ENSG00000183828","NUDT14",0.530460511007544,0.00236203832675226
"ENSG00000183978","COA3",0.329891204938832,0.00315210173846674
"ENSG00000185187","SIGIRR",0.55834750788644,0.00444699802689512
"ENSG00000185201","IFITM2",1.61554621927215,6.39993402819089e-05
"ENSG00000185222","TCEAL9",0.281445719316292,0.00767989307205113
"ENSG00000185825","BCAP31",0.256127847810096,0.0315420847835039
"ENSG00000185838","GNB1L",0.382186859038754,0.0417921675412233
"ENSG00000186352","ANKRD37",0.590788539414298,0.021040660997035
"ENSG00000187266","EPOR",1.10270474198806,0.00604296714385625
"ENSG00000187678","SPRY4",0.963336615539239,0.00036617806132043
"ENSG00000188352","FOCAD",0.261548918358729,0.0362305213223787
"ENSG00000189362","NEMP2",0.36972739682924,0.0275661934456447
"ENSG00000196110","ZNF699",1.11799769484006,0.00285957864316349
"ENSG00000196406","SPANXD",1.80878320228768,0.00084586194492141
"ENSG00000197102","DYNC1H1",0.542681522193116,1.63112922752083e-05
"ENSG00000197183","NOL4L",1.15092530225678,0.00103473180000189
"ENSG00000197385","ZNF860",0.451345376588358,0.0472964005528388
"ENSG00000197506","SLC28A3",0.694506173791341,0.0260162347404767
"ENSG00000197892","KIF13B",0.362494973248531,0.0474451337852188
"ENSG00000197971","MBP",0.410957799679559,0.0110548866976315
"ENSG00000198663","C6orf89",0.291601393221197,0.00043857431735741
"ENSG00000198796","ALPK2",1.0739891066353,0.00341091624824611
"ENSG00000198835","GJC2",0.725239406305926,0.0235748643126837
"ENSG00000198843","SELENOT",0.293332023151969,0.0472165984390535
"ENSG00000198959","TGM2",0.606796979204487,0.0143908060129377
"ENSG00000199512","RNU6-212P",0.765178433450497,0.0204213912745773
"ENSG00000203722","RAET1G",0.718701098245559,0.00352928911507659
"ENSG00000204642","HLA-F",0.351583197775273,0.0400784539445258
"ENSG00000205542","TMSB4X",0.460664291560493,0.0189317780899888
"ENSG00000205726","ITSN1",0.285911408016582,0.0170988891280094
"ENSG00000206623","RNU6-979P",0.650647062496729,0.0378992731823362
"ENSG00000212747","RTL8B",0.495448679359946,0.0233652266809749
"ENSG00000213523","SRA1",0.410428158010314,0.000953628833696091
"ENSG00000213613","RPL11P3",0.520415743849401,0.0440591667298853
"ENSG00000215190",NA,0.577953173429817,0.0263329420898835
"ENSG00000215305","VPS16",0.297128343279663,0.0143005827109414
"ENSG00000222047","C10orf55",0.52249138165423,0.0411554027356753
"ENSG00000225663","MCRIP1",0.246157455395841,0.0409881223780643
"ENSG00000226125","LINC01907",0.79141762422659,0.0226397186290829
"ENSG00000226419","SLC16A1-AS1",0.408490940846375,0.00277340950637191
"ENSG00000226928",NA,0.754835576468769,0.00763322300698329
"ENSG00000227308","LOC105373888",0.608290457389359,0.0406735475620085
"ENSG00000228434",NA,0.666607718384357,0.0303288995655423
"ENSG00000228630","HOTAIR",0.92369242279996,0.0149430373404114
"ENSG00000229180",NA,0.373020112640845,0.0210858697586748
"ENSG00000230989","HSBP1",0.24003715397552,0.0476871325837273
"ENSG00000231064","THBS3-AS1",0.640986675179804,0.0346287840780062
"ENSG00000231185","LINC01844",1.0516953592991,0.00237753743191065
"ENSG00000232065",NA,0.534429788967317,0.0374630568798528
"ENSG00000233237","LINC00472",0.936592234480867,0.00315785879751598
"ENSG00000235885","LOC101927661",0.490087408489419,0.0457941334363227
"ENSG00000236104","ZBTB22",0.520245537453362,0.0146199866106175
"ENSG00000236307",NA,0.654194706334887,0.0345532108638147
"ENSG00000236345","SCAT8",0.609858583202136,0.0442257743551845
"ENSG00000236444","UBE2L5",0.823794666308126,0.0201330459506857
"ENSG00000237172","B3GNT9",0.832123776146795,0.00472848488376028
"ENSG00000237187","NR2F1-AS1",0.729543884610531,0.0196269364065264
"ENSG00000237686","SCIRT",2.29285950480269,2.08029804394095e-05
"ENSG00000237854",NA,0.397507597045354,0.0040525636228941
"ENSG00000241343","RPL36A",0.256458355825541,0.0440260724066821
"ENSG00000241544","LINC02029",0.629604744944105,0.0388111049915139
"ENSG00000241685","ARPC1A",0.254074367426456,0.00828735213475723
"ENSG00000242147","LINC02677",1.07688320608106,0.000908491852956906
"ENSG00000242247","ARFGAP3",0.320730654309963,0.0112320213648473
"ENSG00000243926","LINC00886",0.693344747270917,0.0286370277685452
"ENSG00000244405","ETV5",0.368021831837811,0.0208887962107689
"ENSG00000245534","RORA-AS1",0.621073756748904,0.0423527452722993
"ENSG00000248538","LOC157273",0.786518443290804,0.00176780191766479
"ENSG00000248690","HAS2-AS1",0.692041993463922,0.0216916777775072
"ENSG00000250461",NA,0.945406738520473,0.00956223162830631
"ENSG00000250934","LOC105374088",0.869802058301236,0.0105707820420917
"ENSG00000253276","CCDC71L",0.533533181657362,0.00187176996756961
"ENSG00000254505","CHMP4A",0.64523035443862,0.0053374527433859
"ENSG00000255302","EID1",0.200528681086183,0.0492253997011279
"ENSG00000257298",NA,1.60463422475909,0.000851737071957368
"ENSG00000257605",NA,0.697681891736807,0.0186487919718902
"ENSG00000258881",NA,0.924954268478931,0.014488888228472
"ENSG00000259107","LINC00911",0.655651621727839,0.0370804466844328
"ENSG00000259345","LOC105370777",0.890525068839202,0.0112393626711406
"ENSG00000260565",NA,0.458512455064002,0.0484267672920576
"ENSG00000260877",NA,1.32662616891602,0.0035240437701319
"ENSG00000261838","LOC105371361",1.22862372244036,0.00153449505270723
"ENSG00000262380",NA,1.37822145198168,0.00216153171303239
"ENSG00000267106","ZNF561-AS1",0.385679686241889,0.0309447875094051
"ENSG00000267226","MALT1-AS1",0.675668943382361,0.0241885288569769
"ENSG00000267519",NA,0.556863079648102,0.0114777038778189
"ENSG00000267577","DNAAF3-AS1",0.60789220024391,0.0320131276383504
"ENSG00000268362",NA,0.436990280606689,0.0280025775631101
"ENSG00000271383","NBPF19",0.534947074153448,0.0469203616688024
"ENSG00000272449",NA,0.739347173468118,0.0170498066035426
"ENSG00000274422",NA,0.776811615539982,0.00326807715460217
"ENSG00000277258","PCGF2",0.318718225151957,0.00665597878647352
"ENSG00000277778",NA,0.789117524816135,0.0213312323493035
"ENSG00000278948",NA,0.729657079967329,0.00671246525961164
"ENSG00000279041",NA,0.615572727334447,0.0286602591546839
"ENSG00000279118",NA,0.622376204142583,0.0209047976685842
"ENSG00000279962",NA,0.597090594070707,0.041691267357663
"ENSG00000287016","LOC124902546",0.736602679411355,0.00937587730171277
"ENSG00000287769","LOC124902204",0.772121897516456,0.0214513960091265
"ENSG00000288939",NA,0.48267936723989,0.0464027664600997
"ENSG00000288988",NA,0.485337651200932,0.0440250231908347
"ENSG00000289182",NA,0.890665354406954,0.00952839404943346
"ENSG00000289494",NA,1.29983179574055,0.000196078223379523
"ENSG00000289589",NA,0.956530578477698,0.00955718730612346
"ENSG00000290033",NA,1.70898185467549,0.00112962792872515
